ID,Wowhead Link,Completion Time
10,https://www.wowhead.com/classic/quest=10,
10000,https://www.wowhead.com/tbc/quest=10000,
10001,https://www.wowhead.com/tbc/quest=10001,
10002,https://www.wowhead.com/tbc/quest=10002,
10003,https://www.wowhead.com/tbc/quest=10003,
10007,https://www.wowhead.com/tbc/quest=10007,
10008,https://www.wowhead.com/tbc/quest=10008,
10009,https://www.wowhead.com/tbc/quest=10009,
1001,https://www.wowhead.com/classic/quest=1001,
10011,https://www.wowhead.com/tbc/quest=10011,
10016,https://www.wowhead.com/tbc/quest=10016,
10017,https://www.wowhead.com/tbc/quest=10017,
10018,https://www.wowhead.com/tbc/quest=10018,
10019,https://www.wowhead.com/tbc/quest=10019,
1002,https://www.wowhead.com/classic/quest=1002,
10020,https://www.wowhead.com/tbc/quest=10020,
10021,https://www.wowhead.com/tbc/quest=10021,
10022,https://www.wowhead.com/tbc/quest=10022,
10023,https://www.wowhead.com/tbc/quest=10023,
10024,https://www.wowhead.com/tbc/quest=10024,
10025,https://www.wowhead.com/tbc/quest=10025,
10026,https://www.wowhead.com/tbc/quest=10026,
10027,https://www.wowhead.com/tbc/quest=10027,
10028,https://www.wowhead.com/tbc/quest=10028,
1003,https://www.wowhead.com/classic/quest=1003,
10030,https://www.wowhead.com/tbc/quest=10030,
10031,https://www.wowhead.com/tbc/quest=10031,
10033,https://www.wowhead.com/tbc/quest=10033,
10034,https://www.wowhead.com/tbc/quest=10034,
10035,https://www.wowhead.com/tbc/quest=10035,
10036,https://www.wowhead.com/tbc/quest=10036,
10037,https://www.wowhead.com/tbc/quest=10037,
10040,https://www.wowhead.com/tbc/quest=10040,
10041,https://www.wowhead.com/tbc/quest=10041,
10042,https://www.wowhead.com/tbc/quest=10042,
10043,https://www.wowhead.com/tbc/quest=10043,
10045,https://www.wowhead.com/tbc/quest=10045,
10047,https://www.wowhead.com/tbc/quest=10047,
10050,https://www.wowhead.com/tbc/quest=10050,
10055,https://www.wowhead.com/tbc/quest=10055,
10057,https://www.wowhead.com/tbc/quest=10057,
10058,https://www.wowhead.com/tbc/quest=10058,
10065,https://www.wowhead.com/tbc/quest=10065,
10066,https://www.wowhead.com/tbc/quest=10066,
10067,https://www.wowhead.com/tbc/quest=10067,
1007,https://www.wowhead.com/classic/quest=1007,
10074,https://www.wowhead.com/tbc/quest=10074,
10075,https://www.wowhead.com/tbc/quest=10075,
10076,https://www.wowhead.com/tbc/quest=10076,
10077,https://www.wowhead.com/tbc/quest=10077,
10078,https://www.wowhead.com/tbc/quest=10078,
10079,https://www.wowhead.com/tbc/quest=10079,
1008,https://www.wowhead.com/classic/quest=1008,
10082,https://www.wowhead.com/tbc/quest=10082,
10085,https://www.wowhead.com/tbc/quest=10085,
10086,https://www.wowhead.com/tbc/quest=10086,
10087,https://www.wowhead.com/tbc/quest=10087,
1009,https://www.wowhead.com/classic/quest=1009,
10091,https://www.wowhead.com/tbc/quest=10091,
10095,https://www.wowhead.com/tbc/quest=10095,
10096,https://www.wowhead.com/tbc/quest=10096,
10097,https://www.wowhead.com/tbc/quest=10097,
10098,https://www.wowhead.com/tbc/quest=10098,
10099,https://www.wowhead.com/tbc/quest=10099,
101,https://www.wowhead.com/classic/quest=101,
1010,https://www.wowhead.com/classic/quest=1010,
10106,https://www.wowhead.com/tbc/quest=10106,
10109,https://www.wowhead.com/tbc/quest=10109,
1011,https://www.wowhead.com/classic/quest=1011,
10110,https://www.wowhead.com/tbc/quest=10110,
10111,https://www.wowhead.com/tbc/quest=10111,
10112,https://www.wowhead.com/tbc/quest=10112,
10115,https://www.wowhead.com/tbc/quest=10115,
10116,https://www.wowhead.com/tbc/quest=10116,
10117,https://www.wowhead.com/tbc/quest=10117,
10118,https://www.wowhead.com/tbc/quest=10118,
1012,https://www.wowhead.com/classic/quest=1012,
10123,https://www.wowhead.com/tbc/quest=10123,
10129,https://www.wowhead.com/tbc/quest=10129,
1013,https://www.wowhead.com/classic/quest=1013,
10132,https://www.wowhead.com/tbc/quest=10132,
10136,https://www.wowhead.com/tbc/quest=10136,
1014,https://www.wowhead.com/classic/quest=1014,
10142,https://www.wowhead.com/tbc/quest=10142,
10144,https://www.wowhead.com/tbc/quest=10144,
10146,https://www.wowhead.com/tbc/quest=10146,
10159,https://www.wowhead.com/tbc/quest=10159,
1016,https://www.wowhead.com/classic/quest=1016,
10161,https://www.wowhead.com/tbc/quest=10161,
10162,https://www.wowhead.com/tbc/quest=10162,
10163,https://www.wowhead.com/tbc/quest=10163,
10164,https://www.wowhead.com/tbc/quest=10164,
10165,https://www.wowhead.com/tbc/quest=10165,
10166,https://www.wowhead.com/tbc/quest=10166,
10167,https://www.wowhead.com/tbc/quest=10167,
10168,https://www.wowhead.com/tbc/quest=10168,
1017,https://www.wowhead.com/classic/quest=1017,
10173,https://www.wowhead.com/tbc/quest=10173,
10176,https://www.wowhead.com/tbc/quest=10176,
10182,https://www.wowhead.com/tbc/quest=10182,
10184,https://www.wowhead.com/tbc/quest=10184,
10185,https://www.wowhead.com/tbc/quest=10185,
10186,https://www.wowhead.com/tbc/quest=10186,
10188,https://www.wowhead.com/tbc/quest=10188,
10189,https://www.wowhead.com/tbc/quest=10189,
10190,https://www.wowhead.com/tbc/quest=10190,
10192,https://www.wowhead.com/tbc/quest=10192,
10193,https://www.wowhead.com/tbc/quest=10193,
10197,https://www.wowhead.com/tbc/quest=10197,
10199,https://www.wowhead.com/tbc/quest=10199,
102,https://www.wowhead.com/classic/quest=102,
10201,https://www.wowhead.com/tbc/quest=10201,
10203,https://www.wowhead.com/tbc/quest=10203,
10205,https://www.wowhead.com/tbc/quest=10205,
10206,https://www.wowhead.com/tbc/quest=10206,
10208,https://www.wowhead.com/tbc/quest=10208,
10209,https://www.wowhead.com/tbc/quest=10209,
10216,https://www.wowhead.com/tbc/quest=10216,
1022,https://www.wowhead.com/classic/quest=1022,
10220,https://www.wowhead.com/tbc/quest=10220,
10221,https://www.wowhead.com/tbc/quest=10221,
10222,https://www.wowhead.com/tbc/quest=10222,
10223,https://www.wowhead.com/tbc/quest=10223,
10224,https://www.wowhead.com/tbc/quest=10224,
10226,https://www.wowhead.com/tbc/quest=10226,
1023,https://www.wowhead.com/classic/quest=1023,
10230,https://www.wowhead.com/tbc/quest=10230,
10232,https://www.wowhead.com/tbc/quest=10232,
10233,https://www.wowhead.com/tbc/quest=10233,
10234,https://www.wowhead.com/tbc/quest=10234,
10235,https://www.wowhead.com/tbc/quest=10235,
10236,https://www.wowhead.com/tbc/quest=10236,
10238,https://www.wowhead.com/tbc/quest=10238,
10239,https://www.wowhead.com/tbc/quest=10239,
10240,https://www.wowhead.com/tbc/quest=10240,
10241,https://www.wowhead.com/tbc/quest=10241,
10246,https://www.wowhead.com/tbc/quest=10246,
10248,https://www.wowhead.com/tbc/quest=10248,
1025,https://www.wowhead.com/classic/quest=1025,
10250,https://www.wowhead.com/tbc/quest=10250,
10252,https://www.wowhead.com/tbc/quest=10252,
10253,https://www.wowhead.com/tbc/quest=10253,
10255,https://www.wowhead.com/tbc/quest=10255,
10256,https://www.wowhead.com/tbc/quest=10256,
10257,https://www.wowhead.com/tbc/quest=10257,
10259,https://www.wowhead.com/tbc/quest=10259,
1026,https://www.wowhead.com/classic/quest=1026,
10261,https://www.wowhead.com/tbc/quest=10261,
10262,https://www.wowhead.com/tbc/quest=10262,
10265,https://www.wowhead.com/tbc/quest=10265,
10267,https://www.wowhead.com/tbc/quest=10267,
1027,https://www.wowhead.com/classic/quest=1027,
10270,https://www.wowhead.com/tbc/quest=10270,
10271,https://www.wowhead.com/tbc/quest=10271,
10272,https://www.wowhead.com/tbc/quest=10272,
10273,https://www.wowhead.com/tbc/quest=10273,
10274,https://www.wowhead.com/tbc/quest=10274,
10276,https://www.wowhead.com/tbc/quest=10276,
10278,https://www.wowhead.com/tbc/quest=10278,
10283,https://www.wowhead.com/tbc/quest=10283,
10284,https://www.wowhead.com/tbc/quest=10284,
10290,https://www.wowhead.com/tbc/quest=10290,
10293,https://www.wowhead.com/tbc/quest=10293,
10294,https://www.wowhead.com/tbc/quest=10294,
10295,https://www.wowhead.com/tbc/quest=10295,
10299,https://www.wowhead.com/tbc/quest=10299,
103,https://www.wowhead.com/classic/quest=103,
10300,https://www.wowhead.com/tbc/quest=10300,
10301,https://www.wowhead.com/tbc/quest=10301,
10302,https://www.wowhead.com/tbc/quest=10302,
10303,https://www.wowhead.com/tbc/quest=10303,
10305,https://www.wowhead.com/tbc/quest=10305,
10306,https://www.wowhead.com/tbc/quest=10306,
10307,https://www.wowhead.com/tbc/quest=10307,
10308,https://www.wowhead.com/tbc/quest=10308,
10309,https://www.wowhead.com/tbc/quest=10309,
1031,https://www.wowhead.com/classic/quest=1031,
10312,https://www.wowhead.com/tbc/quest=10312,
10313,https://www.wowhead.com/tbc/quest=10313,
10314,https://www.wowhead.com/tbc/quest=10314,
10315,https://www.wowhead.com/tbc/quest=10315,
10318,https://www.wowhead.com/tbc/quest=10318,
10319,https://www.wowhead.com/tbc/quest=10319,
1032,https://www.wowhead.com/classic/quest=1032,
10320,https://www.wowhead.com/tbc/quest=10320,
10321,https://www.wowhead.com/tbc/quest=10321,
10322,https://www.wowhead.com/tbc/quest=10322,
10323,https://www.wowhead.com/tbc/quest=10323,
10324,https://www.wowhead.com/tbc/quest=10324,
10325,https://www.wowhead.com/tbc/quest=10325,
10326,https://www.wowhead.com/tbc/quest=10326,
10327,https://www.wowhead.com/tbc/quest=10327,
10328,https://www.wowhead.com/tbc/quest=10328,
10329,https://www.wowhead.com/tbc/quest=10329,
1033,https://www.wowhead.com/classic/quest=1033,
10330,https://www.wowhead.com/tbc/quest=10330,
10331,https://www.wowhead.com/tbc/quest=10331,
10332,https://www.wowhead.com/tbc/quest=10332,
10335,https://www.wowhead.com/tbc/quest=10335,
10336,https://www.wowhead.com/tbc/quest=10336,
10338,https://www.wowhead.com/tbc/quest=10338,
10339,https://www.wowhead.com/tbc/quest=10339,
1034,https://www.wowhead.com/classic/quest=1034,
10341,https://www.wowhead.com/tbc/quest=10341,
10342,https://www.wowhead.com/tbc/quest=10342,
10343,https://www.wowhead.com/tbc/quest=10343,
10345,https://www.wowhead.com/tbc/quest=10345,
10346,https://www.wowhead.com/tbc/quest=10346,
10347,https://www.wowhead.com/tbc/quest=10347,
10348,https://www.wowhead.com/tbc/quest=10348,
1035,https://www.wowhead.com/classic/quest=1035,
10351,https://www.wowhead.com/tbc/quest=10351,
10352,https://www.wowhead.com/tbc/quest=10352,
10353,https://www.wowhead.com/tbc/quest=10353,
10354,https://www.wowhead.com/tbc/quest=10354,
10355,https://www.wowhead.com/tbc/quest=10355,
10356,https://www.wowhead.com/tbc/quest=10356,
10357,https://www.wowhead.com/tbc/quest=10357,
10358,https://www.wowhead.com/tbc/quest=10358,
10359,https://www.wowhead.com/tbc/quest=10359,
10360,https://www.wowhead.com/tbc/quest=10360,
10361,https://www.wowhead.com/tbc/quest=10361,
10362,https://www.wowhead.com/tbc/quest=10362,
10363,https://www.wowhead.com/tbc/quest=10363,
10365,https://www.wowhead.com/tbc/quest=10365,
10367,https://www.wowhead.com/tbc/quest=10367,
10368,https://www.wowhead.com/tbc/quest=10368,
10369,https://www.wowhead.com/tbc/quest=10369,
1038,https://www.wowhead.com/classic/quest=1038,
10380,https://www.wowhead.com/tbc/quest=10380,
10384,https://www.wowhead.com/tbc/quest=10384,
10385,https://www.wowhead.com/tbc/quest=10385,
10389,https://www.wowhead.com/tbc/quest=10389,
10390,https://www.wowhead.com/tbc/quest=10390,
10391,https://www.wowhead.com/tbc/quest=10391,
10392,https://www.wowhead.com/tbc/quest=10392,
10394,https://www.wowhead.com/tbc/quest=10394,
10396,https://www.wowhead.com/tbc/quest=10396,
10397,https://www.wowhead.com/tbc/quest=10397,
10399,https://www.wowhead.com/tbc/quest=10399,
104,https://www.wowhead.com/classic/quest=104,
10400,https://www.wowhead.com/tbc/quest=10400,
10405,https://www.wowhead.com/tbc/quest=10405,
10407,https://www.wowhead.com/tbc/quest=10407,
10408,https://www.wowhead.com/tbc/quest=10408,
10409,https://www.wowhead.com/tbc/quest=10409,
10411,https://www.wowhead.com/tbc/quest=10411,
10412,https://www.wowhead.com/tbc/quest=10412,
10414,https://www.wowhead.com/tbc/quest=10414,
10415,https://www.wowhead.com/tbc/quest=10415,
10416,https://www.wowhead.com/tbc/quest=10416,
10417,https://www.wowhead.com/tbc/quest=10417,
10418,https://www.wowhead.com/tbc/quest=10418,
10419,https://www.wowhead.com/tbc/quest=10419,
10420,https://www.wowhead.com/tbc/quest=10420,
10421,https://www.wowhead.com/tbc/quest=10421,
10422,https://www.wowhead.com/tbc/quest=10422,
10424,https://www.wowhead.com/tbc/quest=10424,
10426,https://www.wowhead.com/tbc/quest=10426,
10427,https://www.wowhead.com/tbc/quest=10427,
10429,https://www.wowhead.com/tbc/quest=10429,
1043,https://www.wowhead.com/classic/quest=1043,
10432,https://www.wowhead.com/tbc/quest=10432,
10433,https://www.wowhead.com/tbc/quest=10433,
10435,https://www.wowhead.com/tbc/quest=10435,
10436,https://www.wowhead.com/tbc/quest=10436,
10437,https://www.wowhead.com/tbc/quest=10437,
10438,https://www.wowhead.com/tbc/quest=10438,
10439,https://www.wowhead.com/tbc/quest=10439,
10446,https://www.wowhead.com/tbc/quest=10446,
10447,https://www.wowhead.com/tbc/quest=10447,
1045,https://www.wowhead.com/classic/quest=1045,
10450,https://www.wowhead.com/tbc/quest=10450,
10455,https://www.wowhead.com/tbc/quest=10455,
10456,https://www.wowhead.com/tbc/quest=10456,
10457,https://www.wowhead.com/tbc/quest=10457,
10458,https://www.wowhead.com/tbc/quest=10458,
10476,https://www.wowhead.com/tbc/quest=10476,
10477,https://www.wowhead.com/tbc/quest=10477,
10478,https://www.wowhead.com/tbc/quest=10478,
10479,https://www.wowhead.com/tbc/quest=10479,
1048,https://www.wowhead.com/classic/quest=1048,
10480,https://www.wowhead.com/tbc/quest=10480,
10481,https://www.wowhead.com/tbc/quest=10481,
10482,https://www.wowhead.com/tbc/quest=10482,
10483,https://www.wowhead.com/tbc/quest=10483,
10484,https://www.wowhead.com/tbc/quest=10484,
10485,https://www.wowhead.com/tbc/quest=10485,
10486,https://www.wowhead.com/tbc/quest=10486,
10487,https://www.wowhead.com/tbc/quest=10487,
10488,https://www.wowhead.com/tbc/quest=10488,
10489,https://www.wowhead.com/tbc/quest=10489,
1049,https://www.wowhead.com/classic/quest=1049,
10492,https://www.wowhead.com/tbc/quest=10492,
10493,https://www.wowhead.com/tbc/quest=10493,
10494,https://www.wowhead.com/tbc/quest=10494,
10495,https://www.wowhead.com/tbc/quest=10495,
10496,https://www.wowhead.com/tbc/quest=10496,
10497,https://www.wowhead.com/tbc/quest=10497,
10498,https://www.wowhead.com/tbc/quest=10498,
10499,https://www.wowhead.com/tbc/quest=10499,
105,https://www.wowhead.com/classic/quest=105,
1050,https://www.wowhead.com/classic/quest=1050,
10502,https://www.wowhead.com/tbc/quest=10502,
10503,https://www.wowhead.com/tbc/quest=10503,
10504,https://www.wowhead.com/tbc/quest=10504,
10505,https://www.wowhead.com/tbc/quest=10505,
10506,https://www.wowhead.com/tbc/quest=10506,
10507,https://www.wowhead.com/tbc/quest=10507,
10508,https://www.wowhead.com/tbc/quest=10508,
1051,https://www.wowhead.com/classic/quest=1051,
10510,https://www.wowhead.com/tbc/quest=10510,
10511,https://www.wowhead.com/tbc/quest=10511,
10512,https://www.wowhead.com/tbc/quest=10512,
10514,https://www.wowhead.com/tbc/quest=10514,
10515,https://www.wowhead.com/tbc/quest=10515,
10516,https://www.wowhead.com/tbc/quest=10516,
10517,https://www.wowhead.com/tbc/quest=10517,
10518,https://www.wowhead.com/tbc/quest=10518,
10522,https://www.wowhead.com/tbc/quest=10522,
10524,https://www.wowhead.com/tbc/quest=10524,
10525,https://www.wowhead.com/tbc/quest=10525,
10526,https://www.wowhead.com/tbc/quest=10526,
10528,https://www.wowhead.com/tbc/quest=10528,
1053,https://www.wowhead.com/classic/quest=1053,
10537,https://www.wowhead.com/tbc/quest=10537,
10538,https://www.wowhead.com/tbc/quest=10538,
1054,https://www.wowhead.com/classic/quest=1054,
10540,https://www.wowhead.com/tbc/quest=10540,
10542,https://www.wowhead.com/tbc/quest=10542,
10543,https://www.wowhead.com/tbc/quest=10543,
10544,https://www.wowhead.com/tbc/quest=10544,
10545,https://www.wowhead.com/tbc/quest=10545,
10547,https://www.wowhead.com/tbc/quest=10547,
10548,https://www.wowhead.com/tbc/quest=10548,
10555,https://www.wowhead.com/tbc/quest=10555,
10556,https://www.wowhead.com/tbc/quest=10556,
10562,https://www.wowhead.com/tbc/quest=10562,
10563,https://www.wowhead.com/tbc/quest=10563,
10564,https://www.wowhead.com/tbc/quest=10564,
10565,https://www.wowhead.com/tbc/quest=10565,
10566,https://www.wowhead.com/tbc/quest=10566,
10567,https://www.wowhead.com/tbc/quest=10567,
10568,https://www.wowhead.com/tbc/quest=10568,
10569,https://www.wowhead.com/tbc/quest=10569,
1057,https://www.wowhead.com/classic/quest=1057,
10570,https://www.wowhead.com/tbc/quest=10570,
10571,https://www.wowhead.com/tbc/quest=10571,
10572,https://www.wowhead.com/tbc/quest=10572,
10574,https://www.wowhead.com/tbc/quest=10574,
10576,https://www.wowhead.com/tbc/quest=10576,
10578,https://www.wowhead.com/tbc/quest=10578,
1058,https://www.wowhead.com/classic/quest=1058,
10582,https://www.wowhead.com/tbc/quest=10582,
10583,https://www.wowhead.com/tbc/quest=10583,
10584,https://www.wowhead.com/tbc/quest=10584,
10585,https://www.wowhead.com/tbc/quest=10585,
10586,https://www.wowhead.com/tbc/quest=10586,
10587,https://www.wowhead.com/tbc/quest=10587,
10588,https://www.wowhead.com/tbc/quest=10588,
10589,https://www.wowhead.com/tbc/quest=10589,
10590,https://www.wowhead.com/tbc/quest=10590,
10593,https://www.wowhead.com/tbc/quest=10593,
10595,https://www.wowhead.com/tbc/quest=10595,
10596,https://www.wowhead.com/tbc/quest=10596,
10597,https://www.wowhead.com/tbc/quest=10597,
10598,https://www.wowhead.com/tbc/quest=10598,
10600,https://www.wowhead.com/tbc/quest=10600,
10601,https://www.wowhead.com/tbc/quest=10601,
10602,https://www.wowhead.com/tbc/quest=10602,
10603,https://www.wowhead.com/tbc/quest=10603,
10604,https://www.wowhead.com/tbc/quest=10604,
10606,https://www.wowhead.com/tbc/quest=10606,
10607,https://www.wowhead.com/tbc/quest=10607,
10608,https://www.wowhead.com/tbc/quest=10608,
10609,https://www.wowhead.com/tbc/quest=10609,
10611,https://www.wowhead.com/tbc/quest=10611,
10612,https://www.wowhead.com/tbc/quest=10612,
10613,https://www.wowhead.com/tbc/quest=10613,
10617,https://www.wowhead.com/tbc/quest=10617,
10618,https://www.wowhead.com/tbc/quest=10618,
10619,https://www.wowhead.com/tbc/quest=10619,
1062,https://www.wowhead.com/classic/quest=1062,
10620,https://www.wowhead.com/tbc/quest=10620,
10622,https://www.wowhead.com/tbc/quest=10622,
10624,https://www.wowhead.com/tbc/quest=10624,
10625,https://www.wowhead.com/tbc/quest=10625,
10626,https://www.wowhead.com/tbc/quest=10626,
10627,https://www.wowhead.com/tbc/quest=10627,
10629,https://www.wowhead.com/tbc/quest=10629,
10630,https://www.wowhead.com/tbc/quest=10630,
10632,https://www.wowhead.com/tbc/quest=10632,
10634,https://www.wowhead.com/tbc/quest=10634,
10635,https://www.wowhead.com/tbc/quest=10635,
10636,https://www.wowhead.com/tbc/quest=10636,
10637,https://www.wowhead.com/tbc/quest=10637,
10639,https://www.wowhead.com/tbc/quest=10639,
10641,https://www.wowhead.com/tbc/quest=10641,
10642,https://www.wowhead.com/tbc/quest=10642,
10643,https://www.wowhead.com/tbc/quest=10643,
10645,https://www.wowhead.com/tbc/quest=10645,
10647,https://www.wowhead.com/tbc/quest=10647,
10648,https://www.wowhead.com/tbc/quest=10648,
10649,https://www.wowhead.com/tbc/quest=10649,
10651,https://www.wowhead.com/tbc/quest=10651,
10653,https://www.wowhead.com/tbc/quest=10653,
10654,https://www.wowhead.com/tbc/quest=10654,
10655,https://www.wowhead.com/tbc/quest=10655,
10656,https://www.wowhead.com/tbc/quest=10656,
10657,https://www.wowhead.com/tbc/quest=10657,
10658,https://www.wowhead.com/tbc/quest=10658,
10659,https://www.wowhead.com/tbc/quest=10659,
1066,https://www.wowhead.com/classic/quest=1066,
10660,https://www.wowhead.com/tbc/quest=10660,
10661,https://www.wowhead.com/tbc/quest=10661,
10664,https://www.wowhead.com/tbc/quest=10664,
10665,https://www.wowhead.com/tbc/quest=10665,
10666,https://www.wowhead.com/tbc/quest=10666,
10667,https://www.wowhead.com/tbc/quest=10667,
10668,https://www.wowhead.com/tbc/quest=10668,
10669,https://www.wowhead.com/tbc/quest=10669,
10670,https://www.wowhead.com/tbc/quest=10670,
10671,https://www.wowhead.com/tbc/quest=10671,
10672,https://www.wowhead.com/tbc/quest=10672,
10673,https://www.wowhead.com/tbc/quest=10673,
10674,https://www.wowhead.com/tbc/quest=10674,
10675,https://www.wowhead.com/tbc/quest=10675,
10677,https://www.wowhead.com/tbc/quest=10677,
10678,https://www.wowhead.com/tbc/quest=10678,
10679,https://www.wowhead.com/tbc/quest=10679,
1068,https://www.wowhead.com/classic/quest=1068,
10683,https://www.wowhead.com/tbc/quest=10683,
10684,https://www.wowhead.com/tbc/quest=10684,
10685,https://www.wowhead.com/tbc/quest=10685,
10687,https://www.wowhead.com/tbc/quest=10687,
10688,https://www.wowhead.com/tbc/quest=10688,
1069,https://www.wowhead.com/classic/quest=1069,
10690,https://www.wowhead.com/tbc/quest=10690,
10692,https://www.wowhead.com/tbc/quest=10692,
10693,https://www.wowhead.com/tbc/quest=10693,
10698,https://www.wowhead.com/tbc/quest=10698,
10699,https://www.wowhead.com/tbc/quest=10699,
10700,https://www.wowhead.com/tbc/quest=10700,
10701,https://www.wowhead.com/tbc/quest=10701,
10702,https://www.wowhead.com/tbc/quest=10702,
10703,https://www.wowhead.com/tbc/quest=10703,
10704,https://www.wowhead.com/tbc/quest=10704,
10707,https://www.wowhead.com/tbc/quest=10707,
1071,https://www.wowhead.com/classic/quest=1071,
10712,https://www.wowhead.com/tbc/quest=10712,
10713,https://www.wowhead.com/tbc/quest=10713,
10714,https://www.wowhead.com/tbc/quest=10714,
10715,https://www.wowhead.com/tbc/quest=10715,
10717,https://www.wowhead.com/tbc/quest=10717,
10720,https://www.wowhead.com/tbc/quest=10720,
10721,https://www.wowhead.com/tbc/quest=10721,
10723,https://www.wowhead.com/tbc/quest=10723,
10724,https://www.wowhead.com/tbc/quest=10724,
1073,https://www.wowhead.com/classic/quest=1073,
10742,https://www.wowhead.com/tbc/quest=10742,
10747,https://www.wowhead.com/tbc/quest=10747,
10748,https://www.wowhead.com/tbc/quest=10748,
10750,https://www.wowhead.com/tbc/quest=10750,
10751,https://www.wowhead.com/tbc/quest=10751,
10753,https://www.wowhead.com/tbc/quest=10753,
10757,https://www.wowhead.com/tbc/quest=10757,
10758,https://www.wowhead.com/tbc/quest=10758,
1076,https://www.wowhead.com/classic/quest=1076,
10760,https://www.wowhead.com/tbc/quest=10760,
10763,https://www.wowhead.com/tbc/quest=10763,
10764,https://www.wowhead.com/tbc/quest=10764,
10765,https://www.wowhead.com/tbc/quest=10765,
10768,https://www.wowhead.com/tbc/quest=10768,
10769,https://www.wowhead.com/tbc/quest=10769,
10770,https://www.wowhead.com/tbc/quest=10770,
10771,https://www.wowhead.com/tbc/quest=10771,
10772,https://www.wowhead.com/tbc/quest=10772,
10773,https://www.wowhead.com/tbc/quest=10773,
10774,https://www.wowhead.com/tbc/quest=10774,
10775,https://www.wowhead.com/tbc/quest=10775,
10776,https://www.wowhead.com/tbc/quest=10776,
10777,https://www.wowhead.com/tbc/quest=10777,
10778,https://www.wowhead.com/tbc/quest=10778,
1078,https://www.wowhead.com/classic/quest=1078,
10780,https://www.wowhead.com/tbc/quest=10780,
10782,https://www.wowhead.com/tbc/quest=10782,
10784,https://www.wowhead.com/tbc/quest=10784,
10786,https://www.wowhead.com/tbc/quest=10786,
1079,https://www.wowhead.com/classic/quest=1079,
10791,https://www.wowhead.com/tbc/quest=10791,
10792,https://www.wowhead.com/tbc/quest=10792,
10795,https://www.wowhead.com/tbc/quest=10795,
10796,https://www.wowhead.com/tbc/quest=10796,
10799,https://www.wowhead.com/tbc/quest=10799,
1080,https://www.wowhead.com/classic/quest=1080,
10800,https://www.wowhead.com/tbc/quest=10800,
10802,https://www.wowhead.com/tbc/quest=10802,
10803,https://www.wowhead.com/tbc/quest=10803,
10804,https://www.wowhead.com/tbc/quest=10804,
10805,https://www.wowhead.com/tbc/quest=10805,
10806,https://www.wowhead.com/tbc/quest=10806,
10807,https://www.wowhead.com/tbc/quest=10807,
10808,https://www.wowhead.com/tbc/quest=10808,
10809,https://www.wowhead.com/tbc/quest=10809,
10813,https://www.wowhead.com/tbc/quest=10813,
10816,https://www.wowhead.com/tbc/quest=10816,
10817,https://www.wowhead.com/tbc/quest=10817,
10820,https://www.wowhead.com/tbc/quest=10820,
10821,https://www.wowhead.com/tbc/quest=10821,
10822,https://www.wowhead.com/tbc/quest=10822,
10823,https://www.wowhead.com/tbc/quest=10823,
10824,https://www.wowhead.com/tbc/quest=10824,
10826,https://www.wowhead.com/tbc/quest=10826,
10827,https://www.wowhead.com/tbc/quest=10827,
10828,https://www.wowhead.com/tbc/quest=10828,
1083,https://www.wowhead.com/classic/quest=1083,
10830,https://www.wowhead.com/tbc/quest=10830,
10831,https://www.wowhead.com/tbc/quest=10831,
10832,https://www.wowhead.com/tbc/quest=10832,
10833,https://www.wowhead.com/tbc/quest=10833,
10834,https://www.wowhead.com/tbc/quest=10834,
10836,https://www.wowhead.com/tbc/quest=10836,
10837,https://www.wowhead.com/tbc/quest=10837,
10838,https://www.wowhead.com/tbc/quest=10838,
1084,https://www.wowhead.com/classic/quest=1084,
10840,https://www.wowhead.com/tbc/quest=10840,
10842,https://www.wowhead.com/tbc/quest=10842,
10843,https://www.wowhead.com/tbc/quest=10843,
10845,https://www.wowhead.com/tbc/quest=10845,
10846,https://www.wowhead.com/tbc/quest=10846,
10847,https://www.wowhead.com/tbc/quest=10847,
10848,https://www.wowhead.com/tbc/quest=10848,
10850,https://www.wowhead.com/tbc/quest=10850,
10851,https://www.wowhead.com/tbc/quest=10851,
10852,https://www.wowhead.com/tbc/quest=10852,
10853,https://www.wowhead.com/tbc/quest=10853,
10854,https://www.wowhead.com/tbc/quest=10854,
10855,https://www.wowhead.com/tbc/quest=10855,
10856,https://www.wowhead.com/tbc/quest=10856,
10857,https://www.wowhead.com/tbc/quest=10857,
10859,https://www.wowhead.com/tbc/quest=10859,
1086,https://www.wowhead.com/classic/quest=1086,
10860,https://www.wowhead.com/tbc/quest=10860,
10861,https://www.wowhead.com/tbc/quest=10861,
10864,https://www.wowhead.com/tbc/quest=10864,
10866,https://www.wowhead.com/tbc/quest=10866,
10867,https://www.wowhead.com/tbc/quest=10867,
10868,https://www.wowhead.com/tbc/quest=10868,
10869,https://www.wowhead.com/tbc/quest=10869,
1087,https://www.wowhead.com/classic/quest=1087,
10873,https://www.wowhead.com/tbc/quest=10873,
10874,https://www.wowhead.com/tbc/quest=10874,
10876,https://www.wowhead.com/tbc/quest=10876,
10877,https://www.wowhead.com/tbc/quest=10877,
10878,https://www.wowhead.com/tbc/quest=10878,
1088,https://www.wowhead.com/classic/quest=1088,
10881,https://www.wowhead.com/tbc/quest=10881,
10882,https://www.wowhead.com/tbc/quest=10882,
10884,https://www.wowhead.com/tbc/quest=10884,
10885,https://www.wowhead.com/tbc/quest=10885,
1089,https://www.wowhead.com/classic/quest=1089,
10893,https://www.wowhead.com/tbc/quest=10893,
10895,https://www.wowhead.com/tbc/quest=10895,
10896,https://www.wowhead.com/tbc/quest=10896,
10897,https://www.wowhead.com/tbc/quest=10897,
10899,https://www.wowhead.com/tbc/quest=10899,
10902,https://www.wowhead.com/tbc/quest=10902,
10904,https://www.wowhead.com/tbc/quest=10904,
10909,https://www.wowhead.com/tbc/quest=10909,
10911,https://www.wowhead.com/tbc/quest=10911,
10912,https://www.wowhead.com/tbc/quest=10912,
10913,https://www.wowhead.com/tbc/quest=10913,
10914,https://www.wowhead.com/tbc/quest=10914,
10915,https://www.wowhead.com/tbc/quest=10915,
10916,https://www.wowhead.com/tbc/quest=10916,
10917,https://www.wowhead.com/tbc/quest=10917,
10918,https://www.wowhead.com/tbc/quest=10918,
10919,https://www.wowhead.com/tbc/quest=10919,
10920,https://www.wowhead.com/tbc/quest=10920,
10921,https://www.wowhead.com/tbc/quest=10921,
10923,https://www.wowhead.com/tbc/quest=10923,
10924,https://www.wowhead.com/tbc/quest=10924,
10927,https://www.wowhead.com/tbc/quest=10927,
10928,https://www.wowhead.com/tbc/quest=10928,
10929,https://www.wowhead.com/tbc/quest=10929,
1093,https://www.wowhead.com/classic/quest=1093,
10930,https://www.wowhead.com/tbc/quest=10930,
10935,https://www.wowhead.com/tbc/quest=10935,
10937,https://www.wowhead.com/tbc/quest=10937,
10947,https://www.wowhead.com/tbc/quest=10947,
10957,https://www.wowhead.com/tbc/quest=10957,
10959,https://www.wowhead.com/tbc/quest=10959,
1096,https://www.wowhead.com/classic/quest=1096,
10961,https://www.wowhead.com/tbc/quest=10961,
10965,https://www.wowhead.com/tbc/quest=10965,
10970,https://www.wowhead.com/tbc/quest=10970,
10971,https://www.wowhead.com/tbc/quest=10971,
10972,https://www.wowhead.com/tbc/quest=10972,
10973,https://www.wowhead.com/tbc/quest=10973,
10974,https://www.wowhead.com/tbc/quest=10974,
10975,https://www.wowhead.com/tbc/quest=10975,
10976,https://www.wowhead.com/tbc/quest=10976,
10980,https://www.wowhead.com/tbc/quest=10980,
10981,https://www.wowhead.com/tbc/quest=10981,
10987,https://www.wowhead.com/tbc/quest=10987,
10988,https://www.wowhead.com/tbc/quest=10988,
10990,https://www.wowhead.com/tbc/quest=10990,
10991,https://www.wowhead.com/tbc/quest=10991,
10992,https://www.wowhead.com/tbc/quest=10992,
10994,https://www.wowhead.com/tbc/quest=10994,
10995,https://www.wowhead.com/tbc/quest=10995,
10996,https://www.wowhead.com/tbc/quest=10996,
10997,https://www.wowhead.com/tbc/quest=10997,
10998,https://www.wowhead.com/tbc/quest=10998,
11,https://www.wowhead.com/classic/quest=11,
11000,https://www.wowhead.com/tbc/quest=11000,
11001,https://www.wowhead.com/tbc/quest=11001,
11004,https://www.wowhead.com/tbc/quest=11004,
11005,https://www.wowhead.com/tbc/quest=11005,
11006,https://www.wowhead.com/tbc/quest=11006,
11008,https://www.wowhead.com/tbc/quest=11008,
1101,https://www.wowhead.com/classic/quest=1101,
11010,https://www.wowhead.com/tbc/quest=11010,
11015,https://www.wowhead.com/tbc/quest=11015,
11016,https://www.wowhead.com/tbc/quest=11016,
11017,https://www.wowhead.com/tbc/quest=11017,
11018,https://www.wowhead.com/tbc/quest=11018,
1102,https://www.wowhead.com/classic/quest=1102,
11020,https://www.wowhead.com/tbc/quest=11020,
11023,https://www.wowhead.com/tbc/quest=11023,
11025,https://www.wowhead.com/tbc/quest=11025,
11026,https://www.wowhead.com/tbc/quest=11026,
11027,https://www.wowhead.com/tbc/quest=11027,
11029,https://www.wowhead.com/tbc/quest=11029,
1103,https://www.wowhead.com/classic/quest=1103,
11030,https://www.wowhead.com/tbc/quest=11030,
11031,https://www.wowhead.com/tbc/quest=11031,
11032,https://www.wowhead.com/tbc/quest=11032,
11033,https://www.wowhead.com/tbc/quest=11033,
11034,https://www.wowhead.com/tbc/quest=11034,
11035,https://www.wowhead.com/tbc/quest=11035,
1104,https://www.wowhead.com/classic/quest=1104,
11041,https://www.wowhead.com/tbc/quest=11041,
11049,https://www.wowhead.com/tbc/quest=11049,
1105,https://www.wowhead.com/classic/quest=1105,
11050,https://www.wowhead.com/tbc/quest=11050,
11051,https://www.wowhead.com/tbc/quest=11051,
11054,https://www.wowhead.com/tbc/quest=11054,
11055,https://www.wowhead.com/tbc/quest=11055,
11056,https://www.wowhead.com/tbc/quest=11056,
11059,https://www.wowhead.com/tbc/quest=11059,
11060,https://www.wowhead.com/tbc/quest=11060,
11061,https://www.wowhead.com/tbc/quest=11061,
11065,https://www.wowhead.com/tbc/quest=11065,
11066,https://www.wowhead.com/tbc/quest=11066,
1107,https://www.wowhead.com/classic/quest=1107,
11073,https://www.wowhead.com/tbc/quest=11073,
11074,https://www.wowhead.com/tbc/quest=11074,
11076,https://www.wowhead.com/tbc/quest=11076,
11077,https://www.wowhead.com/tbc/quest=11077,
11078,https://www.wowhead.com/tbc/quest=11078,
11079,https://www.wowhead.com/tbc/quest=11079,
1108,https://www.wowhead.com/classic/quest=1108,
11082,https://www.wowhead.com/tbc/quest=11082,
11083,https://www.wowhead.com/tbc/quest=11083,
11086,https://www.wowhead.com/tbc/quest=11086,
11089,https://www.wowhead.com/tbc/quest=11089,
1109,https://www.wowhead.com/classic/quest=1109,
11093,https://www.wowhead.com/tbc/quest=11093,
11096,https://www.wowhead.com/tbc/quest=11096,
1110,https://www.wowhead.com/classic/quest=1110,
11102,https://www.wowhead.com/tbc/quest=11102,
11103,https://www.wowhead.com/tbc/quest=11103,
11104,https://www.wowhead.com/tbc/quest=11104,
11105,https://www.wowhead.com/tbc/quest=11105,
11106,https://www.wowhead.com/tbc/quest=11106,
11117,https://www.wowhead.com/tbc/quest=11117,
11118,https://www.wowhead.com/tbc/quest=11118,
11120,https://www.wowhead.com/tbc/quest=11120,
11122,https://www.wowhead.com/tbc/quest=11122,
11126,https://www.wowhead.com/tbc/quest=11126,
11128,https://www.wowhead.com/tbc/quest=11128,
11129,https://www.wowhead.com/tbc/quest=11129,
1113,https://www.wowhead.com/classic/quest=1113,
11132,https://www.wowhead.com/tbc/quest=11132,
11133,https://www.wowhead.com/tbc/quest=11133,
11134,https://www.wowhead.com/tbc/quest=11134,
11137,https://www.wowhead.com/tbc/quest=11137,
11139,https://www.wowhead.com/tbc/quest=11139,
11140,https://www.wowhead.com/tbc/quest=11140,
11144,https://www.wowhead.com/tbc/quest=11144,
11145,https://www.wowhead.com/tbc/quest=11145,
11146,https://www.wowhead.com/tbc/quest=11146,
11147,https://www.wowhead.com/tbc/quest=11147,
11148,https://www.wowhead.com/tbc/quest=11148,
11150,https://www.wowhead.com/tbc/quest=11150,
11152,https://www.wowhead.com/tbc/quest=11152,
11153,https://www.wowhead.com/tbc/quest=11153,
11154,https://www.wowhead.com/tbc/quest=11154,
11155,https://www.wowhead.com/tbc/quest=11155,
11156,https://www.wowhead.com/tbc/quest=11156,
11157,https://www.wowhead.com/tbc/quest=11157,
11158,https://www.wowhead.com/tbc/quest=11158,
11159,https://www.wowhead.com/tbc/quest=11159,
1116,https://www.wowhead.com/classic/quest=1116,
11160,https://www.wowhead.com/tbc/quest=11160,
11161,https://www.wowhead.com/tbc/quest=11161,
11162,https://www.wowhead.com/tbc/quest=11162,
11164,https://www.wowhead.com/tbc/quest=11164,
11166,https://www.wowhead.com/tbc/quest=11166,
11167,https://www.wowhead.com/tbc/quest=11167,
11168,https://www.wowhead.com/tbc/quest=11168,
11169,https://www.wowhead.com/tbc/quest=11169,
11170,https://www.wowhead.com/tbc/quest=11170,
11171,https://www.wowhead.com/tbc/quest=11171,
11173,https://www.wowhead.com/tbc/quest=11173,
11174,https://www.wowhead.com/tbc/quest=11174,
11180,https://www.wowhead.com/tbc/quest=11180,
11181,https://www.wowhead.com/tbc/quest=11181,
11182,https://www.wowhead.com/tbc/quest=11182,
11183,https://www.wowhead.com/tbc/quest=11183,
11184,https://www.wowhead.com/tbc/quest=11184,
11188,https://www.wowhead.com/tbc/quest=11188,
11190,https://www.wowhead.com/tbc/quest=11190,
11192,https://www.wowhead.com/tbc/quest=11192,
112,https://www.wowhead.com/classic/quest=112,
11200,https://www.wowhead.com/tbc/quest=11200,
11201,https://www.wowhead.com/tbc/quest=11201,
11202,https://www.wowhead.com/tbc/quest=11202,
11205,https://www.wowhead.com/tbc/quest=11205,
11207,https://www.wowhead.com/tbc/quest=11207,
11209,https://www.wowhead.com/tbc/quest=11209,
11217,https://www.wowhead.com/tbc/quest=11217,
11218,https://www.wowhead.com/tbc/quest=11218,
11221,https://www.wowhead.com/tbc/quest=11221,
11224,https://www.wowhead.com/tbc/quest=11224,
11227,https://www.wowhead.com/tbc/quest=11227,
11230,https://www.wowhead.com/tbc/quest=11230,
11231,https://www.wowhead.com/tbc/quest=11231,
11232,https://www.wowhead.com/tbc/quest=11232,
11233,https://www.wowhead.com/tbc/quest=11233,
11235,https://www.wowhead.com/tbc/quest=11235,
11236,https://www.wowhead.com/tbc/quest=11236,
11238,https://www.wowhead.com/tbc/quest=11238,
11239,https://www.wowhead.com/tbc/quest=11239,
11240,https://www.wowhead.com/tbc/quest=11240,
11243,https://www.wowhead.com/tbc/quest=11243,
11244,https://www.wowhead.com/tbc/quest=11244,
11245,https://www.wowhead.com/tbc/quest=11245,
11246,https://www.wowhead.com/tbc/quest=11246,
11247,https://www.wowhead.com/tbc/quest=11247,
11249,https://www.wowhead.com/tbc/quest=11249,
1125,https://www.wowhead.com/classic/quest=1125,
11250,https://www.wowhead.com/tbc/quest=11250,
11252,https://www.wowhead.com/tbc/quest=11252,
11253,https://www.wowhead.com/tbc/quest=11253,
11255,https://www.wowhead.com/tbc/quest=11255,
11257,https://www.wowhead.com/tbc/quest=11257,
11258,https://www.wowhead.com/tbc/quest=11258,
11259,https://www.wowhead.com/tbc/quest=11259,
1126,https://www.wowhead.com/classic/quest=1126,
11260,https://www.wowhead.com/tbc/quest=11260,
11261,https://www.wowhead.com/tbc/quest=11261,
11262,https://www.wowhead.com/tbc/quest=11262,
11263,https://www.wowhead.com/tbc/quest=11263,
11264,https://www.wowhead.com/tbc/quest=11264,
11265,https://www.wowhead.com/tbc/quest=11265,
11267,https://www.wowhead.com/tbc/quest=11267,
11268,https://www.wowhead.com/tbc/quest=11268,
11269,https://www.wowhead.com/tbc/quest=11269,
1127,https://www.wowhead.com/classic/quest=1127,
11270,https://www.wowhead.com/tbc/quest=11270,
11271,https://www.wowhead.com/tbc/quest=11271,
11272,https://www.wowhead.com/tbc/quest=11272,
11275,https://www.wowhead.com/tbc/quest=11275,
11277,https://www.wowhead.com/tbc/quest=11277,
11279,https://www.wowhead.com/tbc/quest=11279,
11280,https://www.wowhead.com/tbc/quest=11280,
11281,https://www.wowhead.com/tbc/quest=11281,
11282,https://www.wowhead.com/tbc/quest=11282,
11283,https://www.wowhead.com/tbc/quest=11283,
11284,https://www.wowhead.com/tbc/quest=11284,
11285,https://www.wowhead.com/tbc/quest=11285,
11286,https://www.wowhead.com/tbc/quest=11286,
11288,https://www.wowhead.com/tbc/quest=11288,
11290,https://www.wowhead.com/tbc/quest=11290,
11292,https://www.wowhead.com/tbc/quest=11292,
11293,https://www.wowhead.com/tbc/quest=11293,
11294,https://www.wowhead.com/tbc/quest=11294,
11296,https://www.wowhead.com/tbc/quest=11296,
11298,https://www.wowhead.com/tbc/quest=11298,
11300,https://www.wowhead.com/tbc/quest=11300,
11301,https://www.wowhead.com/tbc/quest=11301,
11305,https://www.wowhead.com/tbc/quest=11305,
11306,https://www.wowhead.com/tbc/quest=11306,
11307,https://www.wowhead.com/tbc/quest=11307,
11309,https://www.wowhead.com/tbc/quest=11309,
1131,https://www.wowhead.com/classic/quest=1131,
11310,https://www.wowhead.com/tbc/quest=11310,
11311,https://www.wowhead.com/tbc/quest=11311,
11313,https://www.wowhead.com/tbc/quest=11313,
11314,https://www.wowhead.com/tbc/quest=11314,
11315,https://www.wowhead.com/tbc/quest=11315,
11316,https://www.wowhead.com/tbc/quest=11316,
11317,https://www.wowhead.com/tbc/quest=11317,
11318,https://www.wowhead.com/tbc/quest=11318,
11319,https://www.wowhead.com/tbc/quest=11319,
11322,https://www.wowhead.com/tbc/quest=11322,
11324,https://www.wowhead.com/tbc/quest=11324,
11326,https://www.wowhead.com/tbc/quest=11326,
11327,https://www.wowhead.com/tbc/quest=11327,
11329,https://www.wowhead.com/tbc/quest=11329,
11330,https://www.wowhead.com/tbc/quest=11330,
11332,https://www.wowhead.com/tbc/quest=11332,
11333,https://www.wowhead.com/tbc/quest=11333,
1134,https://www.wowhead.com/classic/quest=1134,
11346,https://www.wowhead.com/tbc/quest=11346,
11348,https://www.wowhead.com/tbc/quest=11348,
11349,https://www.wowhead.com/tbc/quest=11349,
11350,https://www.wowhead.com/tbc/quest=11350,
11351,https://www.wowhead.com/tbc/quest=11351,
11352,https://www.wowhead.com/tbc/quest=11352,
11354,https://www.wowhead.com/tbc/quest=11354,
11355,https://www.wowhead.com/tbc/quest=11355,
11358,https://www.wowhead.com/tbc/quest=11358,
11359,https://www.wowhead.com/tbc/quest=11359,
1136,https://www.wowhead.com/classic/quest=1136,
11360,https://www.wowhead.com/tbc/quest=11360,
11361,https://www.wowhead.com/tbc/quest=11361,
11362,https://www.wowhead.com/tbc/quest=11362,
11363,https://www.wowhead.com/tbc/quest=11363,
11364,https://www.wowhead.com/tbc/quest=11364,
11365,https://www.wowhead.com/tbc/quest=11365,
11366,https://www.wowhead.com/tbc/quest=11366,
11367,https://www.wowhead.com/tbc/quest=11367,
11368,https://www.wowhead.com/tbc/quest=11368,
11369,https://www.wowhead.com/tbc/quest=11369,
11370,https://www.wowhead.com/tbc/quest=11370,
11371,https://www.wowhead.com/tbc/quest=11371,
11372,https://www.wowhead.com/tbc/quest=11372,
11373,https://www.wowhead.com/tbc/quest=11373,
11374,https://www.wowhead.com/tbc/quest=11374,
11375,https://www.wowhead.com/tbc/quest=11375,
11376,https://www.wowhead.com/tbc/quest=11376,
11377,https://www.wowhead.com/tbc/quest=11377,
11378,https://www.wowhead.com/tbc/quest=11378,
11379,https://www.wowhead.com/tbc/quest=11379,
1138,https://www.wowhead.com/classic/quest=1138,
11380,https://www.wowhead.com/tbc/quest=11380,
11381,https://www.wowhead.com/tbc/quest=11381,
11382,https://www.wowhead.com/tbc/quest=11382,
11383,https://www.wowhead.com/tbc/quest=11383,
11384,https://www.wowhead.com/tbc/quest=11384,
11385,https://www.wowhead.com/tbc/quest=11385,
11386,https://www.wowhead.com/tbc/quest=11386,
11387,https://www.wowhead.com/tbc/quest=11387,
11388,https://www.wowhead.com/tbc/quest=11388,
11389,https://www.wowhead.com/tbc/quest=11389,
1139,https://www.wowhead.com/classic/quest=1139,
11390,https://www.wowhead.com/tbc/quest=11390,
11391,https://www.wowhead.com/tbc/quest=11391,
11394,https://www.wowhead.com/tbc/quest=11394,
11396,https://www.wowhead.com/tbc/quest=11396,
11397,https://www.wowhead.com/tbc/quest=11397,
11399,https://www.wowhead.com/tbc/quest=11399,
1140,https://www.wowhead.com/classic/quest=1140,
11407,https://www.wowhead.com/tbc/quest=11407,
11408,https://www.wowhead.com/tbc/quest=11408,
11409,https://www.wowhead.com/tbc/quest=11409,
1141,https://www.wowhead.com/classic/quest=1141,
11410,https://www.wowhead.com/tbc/quest=11410,
11412,https://www.wowhead.com/tbc/quest=11412,
11414,https://www.wowhead.com/tbc/quest=11414,
11415,https://www.wowhead.com/tbc/quest=11415,
11416,https://www.wowhead.com/tbc/quest=11416,
11417,https://www.wowhead.com/tbc/quest=11417,
11418,https://www.wowhead.com/tbc/quest=11418,
1142,https://www.wowhead.com/classic/quest=1142,
11420,https://www.wowhead.com/tbc/quest=11420,
11421,https://www.wowhead.com/tbc/quest=11421,
11422,https://www.wowhead.com/tbc/quest=11422,
11423,https://www.wowhead.com/tbc/quest=11423,
11424,https://www.wowhead.com/tbc/quest=11424,
11426,https://www.wowhead.com/tbc/quest=11426,
11428,https://www.wowhead.com/tbc/quest=11428,
11429,https://www.wowhead.com/tbc/quest=11429,
1143,https://www.wowhead.com/classic/quest=1143,
11430,https://www.wowhead.com/tbc/quest=11430,
11431,https://www.wowhead.com/tbc/quest=11431,
11432,https://www.wowhead.com/tbc/quest=11432,
11433,https://www.wowhead.com/tbc/quest=11433,
11434,https://www.wowhead.com/tbc/quest=11434,
11439,https://www.wowhead.com/tbc/quest=11439,
11440,https://www.wowhead.com/tbc/quest=11440,
11443,https://www.wowhead.com/tbc/quest=11443,
11449,https://www.wowhead.com/tbc/quest=11449,
11450,https://www.wowhead.com/tbc/quest=11450,
11452,https://www.wowhead.com/tbc/quest=11452,
11453,https://www.wowhead.com/tbc/quest=11453,
11455,https://www.wowhead.com/tbc/quest=11455,
11456,https://www.wowhead.com/tbc/quest=11456,
11457,https://www.wowhead.com/tbc/quest=11457,
11458,https://www.wowhead.com/tbc/quest=11458,
11464,https://www.wowhead.com/tbc/quest=11464,
11465,https://www.wowhead.com/tbc/quest=11465,
11466,https://www.wowhead.com/tbc/quest=11466,
11467,https://www.wowhead.com/tbc/quest=11467,
11468,https://www.wowhead.com/tbc/quest=11468,
11469,https://www.wowhead.com/tbc/quest=11469,
1147,https://www.wowhead.com/classic/quest=1147,
11470,https://www.wowhead.com/tbc/quest=11470,
11471,https://www.wowhead.com/tbc/quest=11471,
11472,https://www.wowhead.com/tbc/quest=11472,
11475,https://www.wowhead.com/tbc/quest=11475,
11476,https://www.wowhead.com/tbc/quest=11476,
11477,https://www.wowhead.com/tbc/quest=11477,
11479,https://www.wowhead.com/tbc/quest=11479,
1148,https://www.wowhead.com/classic/quest=1148,
11483,https://www.wowhead.com/tbc/quest=11483,
11484,https://www.wowhead.com/tbc/quest=11484,
11489,https://www.wowhead.com/tbc/quest=11489,
1149,https://www.wowhead.com/classic/quest=1149,
11490,https://www.wowhead.com/tbc/quest=11490,
11492,https://www.wowhead.com/tbc/quest=11492,
11494,https://www.wowhead.com/tbc/quest=11494,
11499,https://www.wowhead.com/tbc/quest=11499,
115,https://www.wowhead.com/classic/quest=115,
1150,https://www.wowhead.com/classic/quest=1150,
11500,https://www.wowhead.com/tbc/quest=11500,
11502,https://www.wowhead.com/tbc/quest=11502,
11503,https://www.wowhead.com/tbc/quest=11503,
11504,https://www.wowhead.com/tbc/quest=11504,
1151,https://www.wowhead.com/classic/quest=1151,
11510,https://www.wowhead.com/tbc/quest=11510,
11511,https://www.wowhead.com/tbc/quest=11511,
11512,https://www.wowhead.com/tbc/quest=11512,
11515,https://www.wowhead.com/tbc/quest=11515,
11526,https://www.wowhead.com/tbc/quest=11526,
11527,https://www.wowhead.com/tbc/quest=11527,
11529,https://www.wowhead.com/tbc/quest=11529,
1153,https://www.wowhead.com/classic/quest=1153,
1154,https://www.wowhead.com/classic/quest=1154,
11559,https://www.wowhead.com/wotlk/quest=11559,
11560,https://www.wowhead.com/wotlk/quest=11560,
11561,https://www.wowhead.com/wotlk/quest=11561,
11563,https://www.wowhead.com/wotlk/quest=11563,
11564,https://www.wowhead.com/wotlk/quest=11564,
11566,https://www.wowhead.com/wotlk/quest=11566,
11567,https://www.wowhead.com/wotlk/quest=11567,
11568,https://www.wowhead.com/wotlk/quest=11568,
11569,https://www.wowhead.com/wotlk/quest=11569,
11571,https://www.wowhead.com/wotlk/quest=11571,
11576,https://www.wowhead.com/wotlk/quest=11576,
11582,https://www.wowhead.com/wotlk/quest=11582,
11587,https://www.wowhead.com/wotlk/quest=11587,
11590,https://www.wowhead.com/wotlk/quest=11590,
11593,https://www.wowhead.com/wotlk/quest=11593,
11594,https://www.wowhead.com/wotlk/quest=11594,
11598,https://www.wowhead.com/wotlk/quest=11598,
116,https://www.wowhead.com/classic/quest=116,
1160,https://www.wowhead.com/classic/quest=1160,
11602,https://www.wowhead.com/wotlk/quest=11602,
11603,https://www.wowhead.com/wotlk/quest=11603,
11605,https://www.wowhead.com/wotlk/quest=11605,
11606,https://www.wowhead.com/wotlk/quest=11606,
11607,https://www.wowhead.com/wotlk/quest=11607,
11608,https://www.wowhead.com/wotlk/quest=11608,
11609,https://www.wowhead.com/wotlk/quest=11609,
11610,https://www.wowhead.com/wotlk/quest=11610,
11611,https://www.wowhead.com/wotlk/quest=11611,
11612,https://www.wowhead.com/wotlk/quest=11612,
11613,https://www.wowhead.com/wotlk/quest=11613,
11617,https://www.wowhead.com/wotlk/quest=11617,
11619,https://www.wowhead.com/wotlk/quest=11619,
11623,https://www.wowhead.com/wotlk/quest=11623,
11625,https://www.wowhead.com/wotlk/quest=11625,
11626,https://www.wowhead.com/wotlk/quest=11626,
11627,https://www.wowhead.com/wotlk/quest=11627,
11628,https://www.wowhead.com/wotlk/quest=11628,
11630,https://www.wowhead.com/wotlk/quest=11630,
11631,https://www.wowhead.com/wotlk/quest=11631,
11633,https://www.wowhead.com/wotlk/quest=11633,
11637,https://www.wowhead.com/wotlk/quest=11637,
11638,https://www.wowhead.com/wotlk/quest=11638,
11639,https://www.wowhead.com/wotlk/quest=11639,
1164,https://www.wowhead.com/classic/quest=1164,
11640,https://www.wowhead.com/wotlk/quest=11640,
11641,https://www.wowhead.com/wotlk/quest=11641,
11643,https://www.wowhead.com/wotlk/quest=11643,
11644,https://www.wowhead.com/wotlk/quest=11644,
11645,https://www.wowhead.com/wotlk/quest=11645,
11647,https://www.wowhead.com/wotlk/quest=11647,
11648,https://www.wowhead.com/wotlk/quest=11648,
11649,https://www.wowhead.com/wotlk/quest=11649,
11650,https://www.wowhead.com/wotlk/quest=11650,
11652,https://www.wowhead.com/wotlk/quest=11652,
11653,https://www.wowhead.com/wotlk/quest=11653,
11655,https://www.wowhead.com/wotlk/quest=11655,
11656,https://www.wowhead.com/wotlk/quest=11656,
11658,https://www.wowhead.com/wotlk/quest=11658,
11659,https://www.wowhead.com/wotlk/quest=11659,
1166,https://www.wowhead.com/classic/quest=1166,
11660,https://www.wowhead.com/wotlk/quest=11660,
11661,https://www.wowhead.com/wotlk/quest=11661,
11665,https://www.wowhead.com/wotlk/quest=11665,
11666,https://www.wowhead.com/wotlk/quest=11666,
11667,https://www.wowhead.com/wotlk/quest=11667,
11668,https://www.wowhead.com/wotlk/quest=11668,
11669,https://www.wowhead.com/wotlk/quest=11669,
11670,https://www.wowhead.com/wotlk/quest=11670,
11671,https://www.wowhead.com/wotlk/quest=11671,
11675,https://www.wowhead.com/wotlk/quest=11675,
11676,https://www.wowhead.com/wotlk/quest=11676,
11677,https://www.wowhead.com/wotlk/quest=11677,
1168,https://www.wowhead.com/classic/quest=1168,
11683,https://www.wowhead.com/wotlk/quest=11683,
11684,https://www.wowhead.com/wotlk/quest=11684,
11685,https://www.wowhead.com/wotlk/quest=11685,
11686,https://www.wowhead.com/wotlk/quest=11686,
11687,https://www.wowhead.com/wotlk/quest=11687,
11688,https://www.wowhead.com/wotlk/quest=11688,
1169,https://www.wowhead.com/classic/quest=1169,
11690,https://www.wowhead.com/wotlk/quest=11690,
11693,https://www.wowhead.com/wotlk/quest=11693,
11694,https://www.wowhead.com/wotlk/quest=11694,
11695,https://www.wowhead.com/wotlk/quest=11695,
11698,https://www.wowhead.com/wotlk/quest=11698,
11699,https://www.wowhead.com/wotlk/quest=11699,
117,https://www.wowhead.com/classic/quest=117,
11706,https://www.wowhead.com/wotlk/quest=11706,
11710,https://www.wowhead.com/wotlk/quest=11710,
11711,https://www.wowhead.com/wotlk/quest=11711,
11712,https://www.wowhead.com/wotlk/quest=11712,
11713,https://www.wowhead.com/wotlk/quest=11713,
11714,https://www.wowhead.com/wotlk/quest=11714,
11715,https://www.wowhead.com/wotlk/quest=11715,
11716,https://www.wowhead.com/wotlk/quest=11716,
11717,https://www.wowhead.com/wotlk/quest=11717,
11718,https://www.wowhead.com/wotlk/quest=11718,
11719,https://www.wowhead.com/wotlk/quest=11719,
1172,https://www.wowhead.com/classic/quest=1172,
11721,https://www.wowhead.com/wotlk/quest=11721,
11723,https://www.wowhead.com/wotlk/quest=11723,
11726,https://www.wowhead.com/wotlk/quest=11726,
11728,https://www.wowhead.com/wotlk/quest=11728,
11730,https://www.wowhead.com/wotlk/quest=11730,
1175,https://www.wowhead.com/classic/quest=1175,
1176,https://www.wowhead.com/classic/quest=1176,
1177,https://www.wowhead.com/classic/quest=1177,
11788,https://www.wowhead.com/wotlk/quest=11788,
11789,https://www.wowhead.com/wotlk/quest=11789,
11792,https://www.wowhead.com/wotlk/quest=11792,
11794,https://www.wowhead.com/wotlk/quest=11794,
11795,https://www.wowhead.com/wotlk/quest=11795,
11796,https://www.wowhead.com/wotlk/quest=11796,
11797,https://www.wowhead.com/wotlk/quest=11797,
11798,https://www.wowhead.com/wotlk/quest=11798,
1182,https://www.wowhead.com/classic/quest=1182,
11865,https://www.wowhead.com/wotlk/quest=11865,
11866,https://www.wowhead.com/wotlk/quest=11866,
11867,https://www.wowhead.com/wotlk/quest=11867,
11868,https://www.wowhead.com/wotlk/quest=11868,
11869,https://www.wowhead.com/wotlk/quest=11869,
1187,https://www.wowhead.com/classic/quest=1187,
11871,https://www.wowhead.com/wotlk/quest=11871,
11872,https://www.wowhead.com/wotlk/quest=11872,
11875,https://www.wowhead.com/wotlk/quest=11875,
11876,https://www.wowhead.com/wotlk/quest=11876,
11877,https://www.wowhead.com/wotlk/quest=11877,
11879,https://www.wowhead.com/wotlk/quest=11879,
11880,https://www.wowhead.com/wotlk/quest=11880,
11881,https://www.wowhead.com/wotlk/quest=11881,
11884,https://www.wowhead.com/wotlk/quest=11884,
11885,https://www.wowhead.com/wotlk/quest=11885,
11889,https://www.wowhead.com/wotlk/quest=11889,
11890,https://www.wowhead.com/wotlk/quest=11890,
11892,https://www.wowhead.com/wotlk/quest=11892,
11893,https://www.wowhead.com/wotlk/quest=11893,
11894,https://www.wowhead.com/wotlk/quest=11894,
11895,https://www.wowhead.com/wotlk/quest=11895,
11896,https://www.wowhead.com/wotlk/quest=11896,
11897,https://www.wowhead.com/wotlk/quest=11897,
11898,https://www.wowhead.com/wotlk/quest=11898,
11899,https://www.wowhead.com/wotlk/quest=11899,
11900,https://www.wowhead.com/wotlk/quest=11900,
11903,https://www.wowhead.com/wotlk/quest=11903,
11904,https://www.wowhead.com/wotlk/quest=11904,
11905,https://www.wowhead.com/wotlk/quest=11905,
11906,https://www.wowhead.com/wotlk/quest=11906,
11907,https://www.wowhead.com/wotlk/quest=11907,
11908,https://www.wowhead.com/wotlk/quest=11908,
11909,https://www.wowhead.com/wotlk/quest=11909,
11910,https://www.wowhead.com/wotlk/quest=11910,
11911,https://www.wowhead.com/wotlk/quest=11911,
11912,https://www.wowhead.com/wotlk/quest=11912,
11913,https://www.wowhead.com/wotlk/quest=11913,
11914,https://www.wowhead.com/wotlk/quest=11914,
11918,https://www.wowhead.com/wotlk/quest=11918,
11919,https://www.wowhead.com/wotlk/quest=11919,
1192,https://www.wowhead.com/classic/quest=1192,
1193,https://www.wowhead.com/classic/quest=1193,
11931,https://www.wowhead.com/wotlk/quest=11931,
11936,https://www.wowhead.com/wotlk/quest=11936,
11938,https://www.wowhead.com/wotlk/quest=11938,
11940,https://www.wowhead.com/wotlk/quest=11940,
11942,https://www.wowhead.com/wotlk/quest=11942,
11943,https://www.wowhead.com/wotlk/quest=11943,
11944,https://www.wowhead.com/wotlk/quest=11944,
11945,https://www.wowhead.com/wotlk/quest=11945,
11949,https://www.wowhead.com/wotlk/quest=11949,
1195,https://www.wowhead.com/classic/quest=1195,
11951,https://www.wowhead.com/wotlk/quest=11951,
11956,https://www.wowhead.com/wotlk/quest=11956,
11957,https://www.wowhead.com/wotlk/quest=11957,
11958,https://www.wowhead.com/wotlk/quest=11958,
11959,https://www.wowhead.com/wotlk/quest=11959,
11960,https://www.wowhead.com/wotlk/quest=11960,
11961,https://www.wowhead.com/wotlk/quest=11961,
11965,https://www.wowhead.com/wotlk/quest=11965,
11967,https://www.wowhead.com/wotlk/quest=11967,
11968,https://www.wowhead.com/wotlk/quest=11968,
11969,https://www.wowhead.com/wotlk/quest=11969,
1197,https://www.wowhead.com/classic/quest=1197,
11973,https://www.wowhead.com/wotlk/quest=11973,
11978,https://www.wowhead.com/wotlk/quest=11978,
11980,https://www.wowhead.com/wotlk/quest=11980,
11982,https://www.wowhead.com/wotlk/quest=11982,
11983,https://www.wowhead.com/wotlk/quest=11983,
11984,https://www.wowhead.com/wotlk/quest=11984,
11985,https://www.wowhead.com/wotlk/quest=11985,
11986,https://www.wowhead.com/wotlk/quest=11986,
11988,https://www.wowhead.com/wotlk/quest=11988,
11989,https://www.wowhead.com/wotlk/quest=11989,
1199,https://www.wowhead.com/classic/quest=1199,
11990,https://www.wowhead.com/wotlk/quest=11990,
11991,https://www.wowhead.com/wotlk/quest=11991,
11993,https://www.wowhead.com/wotlk/quest=11993,
11998,https://www.wowhead.com/wotlk/quest=11998,
11999,https://www.wowhead.com/wotlk/quest=11999,
12,https://www.wowhead.com/classic/quest=12,
1200,https://www.wowhead.com/classic/quest=1200,
12000,https://www.wowhead.com/wotlk/quest=12000,
12002,https://www.wowhead.com/wotlk/quest=12002,
12003,https://www.wowhead.com/wotlk/quest=12003,
12004,https://www.wowhead.com/wotlk/quest=12004,
12005,https://www.wowhead.com/wotlk/quest=12005,
12006,https://www.wowhead.com/wotlk/quest=12006,
12007,https://www.wowhead.com/wotlk/quest=12007,
12009,https://www.wowhead.com/wotlk/quest=12009,
1201,https://www.wowhead.com/classic/quest=1201,
12013,https://www.wowhead.com/wotlk/quest=12013,
12014,https://www.wowhead.com/wotlk/quest=12014,
12016,https://www.wowhead.com/wotlk/quest=12016,
12017,https://www.wowhead.com/wotlk/quest=12017,
12019,https://www.wowhead.com/wotlk/quest=12019,
1202,https://www.wowhead.com/classic/quest=1202,
12022,https://www.wowhead.com/wotlk/quest=12022,
12026,https://www.wowhead.com/wotlk/quest=12026,
12028,https://www.wowhead.com/wotlk/quest=12028,
12029,https://www.wowhead.com/wotlk/quest=12029,
1203,https://www.wowhead.com/classic/quest=1203,
12031,https://www.wowhead.com/wotlk/quest=12031,
12035,https://www.wowhead.com/wotlk/quest=12035,
12036,https://www.wowhead.com/wotlk/quest=12036,
12038,https://www.wowhead.com/wotlk/quest=12038,
12039,https://www.wowhead.com/wotlk/quest=12039,
1204,https://www.wowhead.com/classic/quest=1204,
12040,https://www.wowhead.com/wotlk/quest=12040,
12043,https://www.wowhead.com/wotlk/quest=12043,
12044,https://www.wowhead.com/wotlk/quest=12044,
12045,https://www.wowhead.com/wotlk/quest=12045,
12046,https://www.wowhead.com/wotlk/quest=12046,
12047,https://www.wowhead.com/wotlk/quest=12047,
12048,https://www.wowhead.com/wotlk/quest=12048,
12049,https://www.wowhead.com/wotlk/quest=12049,
1205,https://www.wowhead.com/classic/quest=1205,
12050,https://www.wowhead.com/wotlk/quest=12050,
12052,https://www.wowhead.com/wotlk/quest=12052,
12054,https://www.wowhead.com/wotlk/quest=12054,
12056,https://www.wowhead.com/wotlk/quest=12056,
12058,https://www.wowhead.com/wotlk/quest=12058,
1206,https://www.wowhead.com/classic/quest=1206,
12060,https://www.wowhead.com/wotlk/quest=12060,
12061,https://www.wowhead.com/wotlk/quest=12061,
12064,https://www.wowhead.com/wotlk/quest=12064,
12065,https://www.wowhead.com/wotlk/quest=12065,
12066,https://www.wowhead.com/wotlk/quest=12066,
12068,https://www.wowhead.com/wotlk/quest=12068,
12069,https://www.wowhead.com/wotlk/quest=12069,
12070,https://www.wowhead.com/wotlk/quest=12070,
12072,https://www.wowhead.com/wotlk/quest=12072,
12073,https://www.wowhead.com/wotlk/quest=12073,
12075,https://www.wowhead.com/wotlk/quest=12075,
12076,https://www.wowhead.com/wotlk/quest=12076,
12078,https://www.wowhead.com/wotlk/quest=12078,
12079,https://www.wowhead.com/wotlk/quest=12079,
12080,https://www.wowhead.com/wotlk/quest=12080,
12083,https://www.wowhead.com/wotlk/quest=12083,
12084,https://www.wowhead.com/wotlk/quest=12084,
12089,https://www.wowhead.com/wotlk/quest=12089,
12090,https://www.wowhead.com/wotlk/quest=12090,
12091,https://www.wowhead.com/wotlk/quest=12091,
12092,https://www.wowhead.com/wotlk/quest=12092,
12093,https://www.wowhead.com/wotlk/quest=12093,
12094,https://www.wowhead.com/wotlk/quest=12094,
12096,https://www.wowhead.com/wotlk/quest=12096,
12097,https://www.wowhead.com/wotlk/quest=12097,
12099,https://www.wowhead.com/wotlk/quest=12099,
12100,https://www.wowhead.com/wotlk/quest=12100,
12102,https://www.wowhead.com/wotlk/quest=12102,
12107,https://www.wowhead.com/wotlk/quest=12107,
12110,https://www.wowhead.com/wotlk/quest=12110,
12111,https://www.wowhead.com/wotlk/quest=12111,
12113,https://www.wowhead.com/wotlk/quest=12113,
12114,https://www.wowhead.com/wotlk/quest=12114,
12116,https://www.wowhead.com/wotlk/quest=12116,
12120,https://www.wowhead.com/wotlk/quest=12120,
12121,https://www.wowhead.com/wotlk/quest=12121,
12125,https://www.wowhead.com/wotlk/quest=12125,
12126,https://www.wowhead.com/wotlk/quest=12126,
12127,https://www.wowhead.com/wotlk/quest=12127,
12129,https://www.wowhead.com/wotlk/quest=12129,
12130,https://www.wowhead.com/wotlk/quest=12130,
12131,https://www.wowhead.com/wotlk/quest=12131,
12132,https://www.wowhead.com/wotlk/quest=12132,
12134,https://www.wowhead.com/wotlk/quest=12134,
12137,https://www.wowhead.com/wotlk/quest=12137,
12138,https://www.wowhead.com/wotlk/quest=12138,
12140,https://www.wowhead.com/wotlk/quest=12140,
12142,https://www.wowhead.com/wotlk/quest=12142,
12143,https://www.wowhead.com/wotlk/quest=12143,
12144,https://www.wowhead.com/wotlk/quest=12144,
12145,https://www.wowhead.com/wotlk/quest=12145,
12148,https://www.wowhead.com/wotlk/quest=12148,
12149,https://www.wowhead.com/wotlk/quest=12149,
12151,https://www.wowhead.com/wotlk/quest=12151,
12152,https://www.wowhead.com/wotlk/quest=12152,
12153,https://www.wowhead.com/wotlk/quest=12153,
12154,https://www.wowhead.com/wotlk/quest=12154,
12159,https://www.wowhead.com/wotlk/quest=12159,
12164,https://www.wowhead.com/wotlk/quest=12164,
12165,https://www.wowhead.com/wotlk/quest=12165,
12166,https://www.wowhead.com/wotlk/quest=12166,
12167,https://www.wowhead.com/wotlk/quest=12167,
12169,https://www.wowhead.com/wotlk/quest=12169,
12170,https://www.wowhead.com/wotlk/quest=12170,
12172,https://www.wowhead.com/wotlk/quest=12172,
12173,https://www.wowhead.com/wotlk/quest=12173,
12175,https://www.wowhead.com/wotlk/quest=12175,
12176,https://www.wowhead.com/wotlk/quest=12176,
12177,https://www.wowhead.com/wotlk/quest=12177,
1218,https://www.wowhead.com/classic/quest=1218,
12180,https://www.wowhead.com/wotlk/quest=12180,
12183,https://www.wowhead.com/wotlk/quest=12183,
12184,https://www.wowhead.com/wotlk/quest=12184,
12185,https://www.wowhead.com/wotlk/quest=12185,
12188,https://www.wowhead.com/wotlk/quest=12188,
12191,https://www.wowhead.com/wotlk/quest=12191,
12195,https://www.wowhead.com/wotlk/quest=12195,
12196,https://www.wowhead.com/wotlk/quest=12196,
12197,https://www.wowhead.com/wotlk/quest=12197,
12198,https://www.wowhead.com/wotlk/quest=12198,
12199,https://www.wowhead.com/wotlk/quest=12199,
122,https://www.wowhead.com/classic/quest=122,
12200,https://www.wowhead.com/wotlk/quest=12200,
12201,https://www.wowhead.com/wotlk/quest=12201,
12202,https://www.wowhead.com/wotlk/quest=12202,
12203,https://www.wowhead.com/wotlk/quest=12203,
12204,https://www.wowhead.com/wotlk/quest=12204,
12205,https://www.wowhead.com/wotlk/quest=12205,
12206,https://www.wowhead.com/wotlk/quest=12206,
12207,https://www.wowhead.com/wotlk/quest=12207,
12209,https://www.wowhead.com/wotlk/quest=12209,
1221,https://www.wowhead.com/classic/quest=1221,
12211,https://www.wowhead.com/wotlk/quest=12211,
12212,https://www.wowhead.com/wotlk/quest=12212,
12213,https://www.wowhead.com/wotlk/quest=12213,
12214,https://www.wowhead.com/wotlk/quest=12214,
12215,https://www.wowhead.com/wotlk/quest=12215,
12216,https://www.wowhead.com/wotlk/quest=12216,
12217,https://www.wowhead.com/wotlk/quest=12217,
12218,https://www.wowhead.com/wotlk/quest=12218,
12219,https://www.wowhead.com/wotlk/quest=12219,
12220,https://www.wowhead.com/wotlk/quest=12220,
12222,https://www.wowhead.com/wotlk/quest=12222,
12223,https://www.wowhead.com/wotlk/quest=12223,
12226,https://www.wowhead.com/wotlk/quest=12226,
12227,https://www.wowhead.com/wotlk/quest=12227,
12229,https://www.wowhead.com/wotlk/quest=12229,
12230,https://www.wowhead.com/wotlk/quest=12230,
12231,https://www.wowhead.com/wotlk/quest=12231,
12232,https://www.wowhead.com/wotlk/quest=12232,
12234,https://www.wowhead.com/wotlk/quest=12234,
12236,https://www.wowhead.com/wotlk/quest=12236,
12237,https://www.wowhead.com/wotlk/quest=12237,
12240,https://www.wowhead.com/wotlk/quest=12240,
12241,https://www.wowhead.com/wotlk/quest=12241,
12242,https://www.wowhead.com/wotlk/quest=12242,
12243,https://www.wowhead.com/wotlk/quest=12243,
12244,https://www.wowhead.com/wotlk/quest=12244,
12245,https://www.wowhead.com/wotlk/quest=12245,
12246,https://www.wowhead.com/wotlk/quest=12246,
12247,https://www.wowhead.com/wotlk/quest=12247,
12248,https://www.wowhead.com/wotlk/quest=12248,
12249,https://www.wowhead.com/wotlk/quest=12249,
12250,https://www.wowhead.com/wotlk/quest=12250,
12252,https://www.wowhead.com/wotlk/quest=12252,
12253,https://www.wowhead.com/wotlk/quest=12253,
12254,https://www.wowhead.com/wotlk/quest=12254,
12255,https://www.wowhead.com/wotlk/quest=12255,
12256,https://www.wowhead.com/wotlk/quest=12256,
12257,https://www.wowhead.com/wotlk/quest=12257,
12258,https://www.wowhead.com/wotlk/quest=12258,
12259,https://www.wowhead.com/wotlk/quest=12259,
12260,https://www.wowhead.com/wotlk/quest=12260,
12261,https://www.wowhead.com/wotlk/quest=12261,
12262,https://www.wowhead.com/wotlk/quest=12262,
12263,https://www.wowhead.com/wotlk/quest=12263,
12264,https://www.wowhead.com/wotlk/quest=12264,
12265,https://www.wowhead.com/wotlk/quest=12265,
12267,https://www.wowhead.com/wotlk/quest=12267,
12268,https://www.wowhead.com/wotlk/quest=12268,
12269,https://www.wowhead.com/wotlk/quest=12269,
12270,https://www.wowhead.com/wotlk/quest=12270,
12272,https://www.wowhead.com/wotlk/quest=12272,
12273,https://www.wowhead.com/wotlk/quest=12273,
12274,https://www.wowhead.com/wotlk/quest=12274,
12276,https://www.wowhead.com/wotlk/quest=12276,
12277,https://www.wowhead.com/wotlk/quest=12277,
12279,https://www.wowhead.com/wotlk/quest=12279,
12280,https://www.wowhead.com/wotlk/quest=12280,
12282,https://www.wowhead.com/wotlk/quest=12282,
12283,https://www.wowhead.com/wotlk/quest=12283,
12284,https://www.wowhead.com/wotlk/quest=12284,
12285,https://www.wowhead.com/wotlk/quest=12285,
12288,https://www.wowhead.com/wotlk/quest=12288,
12289,https://www.wowhead.com/wotlk/quest=12289,
12290,https://www.wowhead.com/wotlk/quest=12290,
12291,https://www.wowhead.com/wotlk/quest=12291,
12292,https://www.wowhead.com/wotlk/quest=12292,
12296,https://www.wowhead.com/wotlk/quest=12296,
12299,https://www.wowhead.com/wotlk/quest=12299,
12300,https://www.wowhead.com/wotlk/quest=12300,
12301,https://www.wowhead.com/wotlk/quest=12301,
12303,https://www.wowhead.com/wotlk/quest=12303,
12304,https://www.wowhead.com/wotlk/quest=12304,
12307,https://www.wowhead.com/wotlk/quest=12307,
12308,https://www.wowhead.com/wotlk/quest=12308,
12310,https://www.wowhead.com/wotlk/quest=12310,
12311,https://www.wowhead.com/wotlk/quest=12311,
12314,https://www.wowhead.com/wotlk/quest=12314,
12315,https://www.wowhead.com/wotlk/quest=12315,
12316,https://www.wowhead.com/wotlk/quest=12316,
12317,https://www.wowhead.com/wotlk/quest=12317,
12323,https://www.wowhead.com/wotlk/quest=12323,
12324,https://www.wowhead.com/wotlk/quest=12324,
12326,https://www.wowhead.com/wotlk/quest=12326,
12327,https://www.wowhead.com/wotlk/quest=12327,
12328,https://www.wowhead.com/wotlk/quest=12328,
12372,https://www.wowhead.com/wotlk/quest=12372,
124,https://www.wowhead.com/classic/quest=124,
12412,https://www.wowhead.com/wotlk/quest=12412,
12413,https://www.wowhead.com/wotlk/quest=12413,
12414,https://www.wowhead.com/wotlk/quest=12414,
12415,https://www.wowhead.com/wotlk/quest=12415,
12416,https://www.wowhead.com/wotlk/quest=12416,
12417,https://www.wowhead.com/wotlk/quest=12417,
12418,https://www.wowhead.com/wotlk/quest=12418,
12432,https://www.wowhead.com/wotlk/quest=12432,
12433,https://www.wowhead.com/wotlk/quest=12433,
12434,https://www.wowhead.com/wotlk/quest=12434,
12436,https://www.wowhead.com/wotlk/quest=12436,
12437,https://www.wowhead.com/wotlk/quest=12437,
12438,https://www.wowhead.com/wotlk/quest=12438,
1244,https://www.wowhead.com/classic/quest=1244,
12441,https://www.wowhead.com/wotlk/quest=12441,
12442,https://www.wowhead.com/wotlk/quest=12442,
12443,https://www.wowhead.com/wotlk/quest=12443,
12444,https://www.wowhead.com/wotlk/quest=12444,
12446,https://www.wowhead.com/wotlk/quest=12446,
12448,https://www.wowhead.com/wotlk/quest=12448,
12449,https://www.wowhead.com/wotlk/quest=12449,
12450,https://www.wowhead.com/wotlk/quest=12450,
12453,https://www.wowhead.com/wotlk/quest=12453,
12454,https://www.wowhead.com/wotlk/quest=12454,
12455,https://www.wowhead.com/wotlk/quest=12455,
12456,https://www.wowhead.com/wotlk/quest=12456,
12457,https://www.wowhead.com/wotlk/quest=12457,
12458,https://www.wowhead.com/wotlk/quest=12458,
12459,https://www.wowhead.com/wotlk/quest=12459,
12462,https://www.wowhead.com/wotlk/quest=12462,
12464,https://www.wowhead.com/wotlk/quest=12464,
12465,https://www.wowhead.com/wotlk/quest=12465,
12467,https://www.wowhead.com/wotlk/quest=12467,
12470,https://www.wowhead.com/wotlk/quest=12470,
12475,https://www.wowhead.com/wotlk/quest=12475,
12476,https://www.wowhead.com/wotlk/quest=12476,
12477,https://www.wowhead.com/wotlk/quest=12477,
12478,https://www.wowhead.com/wotlk/quest=12478,
12481,https://www.wowhead.com/wotlk/quest=12481,
12482,https://www.wowhead.com/wotlk/quest=12482,
12483,https://www.wowhead.com/wotlk/quest=12483,
12484,https://www.wowhead.com/wotlk/quest=12484,
12498,https://www.wowhead.com/wotlk/quest=12498,
125,https://www.wowhead.com/classic/quest=125,
12501,https://www.wowhead.com/wotlk/quest=12501,
12502,https://www.wowhead.com/wotlk/quest=12502,
12503,https://www.wowhead.com/wotlk/quest=12503,
12504,https://www.wowhead.com/wotlk/quest=12504,
12506,https://www.wowhead.com/wotlk/quest=12506,
12508,https://www.wowhead.com/wotlk/quest=12508,
12509,https://www.wowhead.com/wotlk/quest=12509,
12510,https://www.wowhead.com/wotlk/quest=12510,
12512,https://www.wowhead.com/wotlk/quest=12512,
12513,https://www.wowhead.com/wotlk/quest=12513,
12514,https://www.wowhead.com/wotlk/quest=12514,
12516,https://www.wowhead.com/wotlk/quest=12516,
12519,https://www.wowhead.com/wotlk/quest=12519,
12520,https://www.wowhead.com/wotlk/quest=12520,
12522,https://www.wowhead.com/wotlk/quest=12522,
12523,https://www.wowhead.com/wotlk/quest=12523,
12524,https://www.wowhead.com/wotlk/quest=12524,
12525,https://www.wowhead.com/wotlk/quest=12525,
12527,https://www.wowhead.com/wotlk/quest=12527,
12529,https://www.wowhead.com/wotlk/quest=12529,
12530,https://www.wowhead.com/wotlk/quest=12530,
12531,https://www.wowhead.com/wotlk/quest=12531,
12532,https://www.wowhead.com/wotlk/quest=12532,
12533,https://www.wowhead.com/wotlk/quest=12533,
12534,https://www.wowhead.com/wotlk/quest=12534,
12535,https://www.wowhead.com/wotlk/quest=12535,
12537,https://www.wowhead.com/wotlk/quest=12537,
12538,https://www.wowhead.com/wotlk/quest=12538,
12540,https://www.wowhead.com/wotlk/quest=12540,
12541,https://www.wowhead.com/wotlk/quest=12541,
12543,https://www.wowhead.com/wotlk/quest=12543,
12544,https://www.wowhead.com/wotlk/quest=12544,
12545,https://www.wowhead.com/wotlk/quest=12545,
12546,https://www.wowhead.com/wotlk/quest=12546,
12547,https://www.wowhead.com/wotlk/quest=12547,
12549,https://www.wowhead.com/wotlk/quest=12549,
12550,https://www.wowhead.com/wotlk/quest=12550,
12551,https://www.wowhead.com/wotlk/quest=12551,
12552,https://www.wowhead.com/wotlk/quest=12552,
12553,https://www.wowhead.com/wotlk/quest=12553,
12554,https://www.wowhead.com/wotlk/quest=12554,
12555,https://www.wowhead.com/wotlk/quest=12555,
12556,https://www.wowhead.com/wotlk/quest=12556,
12557,https://www.wowhead.com/wotlk/quest=12557,
12558,https://www.wowhead.com/wotlk/quest=12558,
12559,https://www.wowhead.com/wotlk/quest=12559,
12560,https://www.wowhead.com/wotlk/quest=12560,
12561,https://www.wowhead.com/wotlk/quest=12561,
12562,https://www.wowhead.com/wotlk/quest=12562,
12563,https://www.wowhead.com/wotlk/quest=12563,
12564,https://www.wowhead.com/wotlk/quest=12564,
12565,https://www.wowhead.com/wotlk/quest=12565,
12567,https://www.wowhead.com/wotlk/quest=12567,
12568,https://www.wowhead.com/wotlk/quest=12568,
12569,https://www.wowhead.com/wotlk/quest=12569,
12571,https://www.wowhead.com/wotlk/quest=12571,
12572,https://www.wowhead.com/wotlk/quest=12572,
12575,https://www.wowhead.com/wotlk/quest=12575,
12576,https://www.wowhead.com/wotlk/quest=12576,
12579,https://www.wowhead.com/wotlk/quest=12579,
1258,https://www.wowhead.com/classic/quest=1258,
12580,https://www.wowhead.com/wotlk/quest=12580,
12581,https://www.wowhead.com/wotlk/quest=12581,
12583,https://www.wowhead.com/wotlk/quest=12583,
12584,https://www.wowhead.com/wotlk/quest=12584,
12585,https://www.wowhead.com/wotlk/quest=12585,
12587,https://www.wowhead.com/wotlk/quest=12587,
12588,https://www.wowhead.com/wotlk/quest=12588,
12589,https://www.wowhead.com/wotlk/quest=12589,
12591,https://www.wowhead.com/wotlk/quest=12591,
12592,https://www.wowhead.com/wotlk/quest=12592,
12594,https://www.wowhead.com/wotlk/quest=12594,
12596,https://www.wowhead.com/wotlk/quest=12596,
12597,https://www.wowhead.com/wotlk/quest=12597,
12598,https://www.wowhead.com/wotlk/quest=12598,
12599,https://www.wowhead.com/wotlk/quest=12599,
126,https://www.wowhead.com/classic/quest=126,
12603,https://www.wowhead.com/wotlk/quest=12603,
12605,https://www.wowhead.com/wotlk/quest=12605,
12606,https://www.wowhead.com/wotlk/quest=12606,
12607,https://www.wowhead.com/wotlk/quest=12607,
12609,https://www.wowhead.com/wotlk/quest=12609,
1261,https://www.wowhead.com/classic/quest=1261,
12610,https://www.wowhead.com/wotlk/quest=12610,
12611,https://www.wowhead.com/wotlk/quest=12611,
12613,https://www.wowhead.com/wotlk/quest=12613,
12614,https://www.wowhead.com/wotlk/quest=12614,
12615,https://www.wowhead.com/wotlk/quest=12615,
12617,https://www.wowhead.com/wotlk/quest=12617,
12618,https://www.wowhead.com/wotlk/quest=12618,
12619,https://www.wowhead.com/wotlk/quest=12619,
12620,https://www.wowhead.com/wotlk/quest=12620,
12621,https://www.wowhead.com/wotlk/quest=12621,
12622,https://www.wowhead.com/wotlk/quest=12622,
12624,https://www.wowhead.com/wotlk/quest=12624,
12627,https://www.wowhead.com/wotlk/quest=12627,
12629,https://www.wowhead.com/wotlk/quest=12629,
12630,https://www.wowhead.com/wotlk/quest=12630,
12632,https://www.wowhead.com/wotlk/quest=12632,
12634,https://www.wowhead.com/wotlk/quest=12634,
12635,https://www.wowhead.com/wotlk/quest=12635,
12637,https://www.wowhead.com/wotlk/quest=12637,
12638,https://www.wowhead.com/wotlk/quest=12638,
12639,https://www.wowhead.com/wotlk/quest=12639,
12640,https://www.wowhead.com/wotlk/quest=12640,
12641,https://www.wowhead.com/wotlk/quest=12641,
12643,https://www.wowhead.com/wotlk/quest=12643,
12644,https://www.wowhead.com/wotlk/quest=12644,
12645,https://www.wowhead.com/wotlk/quest=12645,
12646,https://www.wowhead.com/wotlk/quest=12646,
12647,https://www.wowhead.com/wotlk/quest=12647,
12648,https://www.wowhead.com/wotlk/quest=12648,
12649,https://www.wowhead.com/wotlk/quest=12649,
1265,https://www.wowhead.com/classic/quest=1265,
12650,https://www.wowhead.com/wotlk/quest=12650,
12652,https://www.wowhead.com/wotlk/quest=12652,
12654,https://www.wowhead.com/wotlk/quest=12654,
12655,https://www.wowhead.com/wotlk/quest=12655,
12656,https://www.wowhead.com/wotlk/quest=12656,
12658,https://www.wowhead.com/wotlk/quest=12658,
12659,https://www.wowhead.com/wotlk/quest=12659,
12660,https://www.wowhead.com/wotlk/quest=12660,
12661,https://www.wowhead.com/wotlk/quest=12661,
12662,https://www.wowhead.com/wotlk/quest=12662,
12663,https://www.wowhead.com/wotlk/quest=12663,
12664,https://www.wowhead.com/wotlk/quest=12664,
12665,https://www.wowhead.com/wotlk/quest=12665,
12666,https://www.wowhead.com/wotlk/quest=12666,
12668,https://www.wowhead.com/wotlk/quest=12668,
12669,https://www.wowhead.com/wotlk/quest=12669,
12672,https://www.wowhead.com/wotlk/quest=12672,
12673,https://www.wowhead.com/wotlk/quest=12673,
12674,https://www.wowhead.com/wotlk/quest=12674,
12676,https://www.wowhead.com/wotlk/quest=12676,
12677,https://www.wowhead.com/wotlk/quest=12677,
12678,https://www.wowhead.com/wotlk/quest=12678,
12679,https://www.wowhead.com/wotlk/quest=12679,
12680,https://www.wowhead.com/wotlk/quest=12680,
12681,https://www.wowhead.com/wotlk/quest=12681,
12683,https://www.wowhead.com/wotlk/quest=12683,
12684,https://www.wowhead.com/wotlk/quest=12684,
12685,https://www.wowhead.com/wotlk/quest=12685,
12686,https://www.wowhead.com/wotlk/quest=12686,
12690,https://www.wowhead.com/wotlk/quest=12690,
12691,https://www.wowhead.com/wotlk/quest=12691,
12698,https://www.wowhead.com/wotlk/quest=12698,
12699,https://www.wowhead.com/wotlk/quest=12699,
127,https://www.wowhead.com/classic/quest=127,
12701,https://www.wowhead.com/wotlk/quest=12701,
12702,https://www.wowhead.com/wotlk/quest=12702,
12703,https://www.wowhead.com/wotlk/quest=12703,
12704,https://www.wowhead.com/wotlk/quest=12704,
12705,https://www.wowhead.com/wotlk/quest=12705,
12707,https://www.wowhead.com/wotlk/quest=12707,
12708,https://www.wowhead.com/wotlk/quest=12708,
12709,https://www.wowhead.com/wotlk/quest=12709,
12710,https://www.wowhead.com/wotlk/quest=12710,
12712,https://www.wowhead.com/wotlk/quest=12712,
12713,https://www.wowhead.com/wotlk/quest=12713,
12716,https://www.wowhead.com/wotlk/quest=12716,
12718,https://www.wowhead.com/wotlk/quest=12718,
12719,https://www.wowhead.com/wotlk/quest=12719,
12722,https://www.wowhead.com/wotlk/quest=12722,
12724,https://www.wowhead.com/wotlk/quest=12724,
12726,https://www.wowhead.com/wotlk/quest=12726,
12727,https://www.wowhead.com/wotlk/quest=12727,
12728,https://www.wowhead.com/wotlk/quest=12728,
12729,https://www.wowhead.com/wotlk/quest=12729,
12730,https://www.wowhead.com/wotlk/quest=12730,
12732,https://www.wowhead.com/wotlk/quest=12732,
12733,https://www.wowhead.com/wotlk/quest=12733,
12734,https://www.wowhead.com/wotlk/quest=12734,
12735,https://www.wowhead.com/wotlk/quest=12735,
12736,https://www.wowhead.com/wotlk/quest=12736,
12737,https://www.wowhead.com/wotlk/quest=12737,
12739,https://www.wowhead.com/wotlk/quest=12739,
12740,https://www.wowhead.com/wotlk/quest=12740,
12741,https://www.wowhead.com/wotlk/quest=12741,
12742,https://www.wowhead.com/wotlk/quest=12742,
12743,https://www.wowhead.com/wotlk/quest=12743,
12744,https://www.wowhead.com/wotlk/quest=12744,
12745,https://www.wowhead.com/wotlk/quest=12745,
12746,https://www.wowhead.com/wotlk/quest=12746,
12747,https://www.wowhead.com/wotlk/quest=12747,
12748,https://www.wowhead.com/wotlk/quest=12748,
12749,https://www.wowhead.com/wotlk/quest=12749,
1275,https://www.wowhead.com/classic/quest=1275,
12750,https://www.wowhead.com/wotlk/quest=12750,
12754,https://www.wowhead.com/wotlk/quest=12754,
12758,https://www.wowhead.com/wotlk/quest=12758,
12759,https://www.wowhead.com/wotlk/quest=12759,
12760,https://www.wowhead.com/wotlk/quest=12760,
12761,https://www.wowhead.com/wotlk/quest=12761,
12762,https://www.wowhead.com/wotlk/quest=12762,
12779,https://www.wowhead.com/wotlk/quest=12779,
12790,https://www.wowhead.com/wotlk/quest=12790,
12799,https://www.wowhead.com/wotlk/quest=12799,
128,https://www.wowhead.com/classic/quest=128,
12801,https://www.wowhead.com/wotlk/quest=12801,
12804,https://www.wowhead.com/wotlk/quest=12804,
12805,https://www.wowhead.com/wotlk/quest=12805,
12810,https://www.wowhead.com/wotlk/quest=12810,
12813,https://www.wowhead.com/wotlk/quest=12813,
12814,https://www.wowhead.com/wotlk/quest=12814,
12815,https://www.wowhead.com/wotlk/quest=12815,
12816,https://www.wowhead.com/wotlk/quest=12816,
12817,https://www.wowhead.com/wotlk/quest=12817,
12818,https://www.wowhead.com/wotlk/quest=12818,
12819,https://www.wowhead.com/wotlk/quest=12819,
12820,https://www.wowhead.com/wotlk/quest=12820,
12821,https://www.wowhead.com/wotlk/quest=12821,
12822,https://www.wowhead.com/wotlk/quest=12822,
12823,https://www.wowhead.com/wotlk/quest=12823,
12827,https://www.wowhead.com/wotlk/quest=12827,
12828,https://www.wowhead.com/wotlk/quest=12828,
12829,https://www.wowhead.com/wotlk/quest=12829,
12830,https://www.wowhead.com/wotlk/quest=12830,
12831,https://www.wowhead.com/wotlk/quest=12831,
12833,https://www.wowhead.com/wotlk/quest=12833,
12836,https://www.wowhead.com/wotlk/quest=12836,
12838,https://www.wowhead.com/wotlk/quest=12838,
12840,https://www.wowhead.com/wotlk/quest=12840,
12841,https://www.wowhead.com/wotlk/quest=12841,
12843,https://www.wowhead.com/wotlk/quest=12843,
12844,https://www.wowhead.com/wotlk/quest=12844,
12847,https://www.wowhead.com/wotlk/quest=12847,
12848,https://www.wowhead.com/wotlk/quest=12848,
12851,https://www.wowhead.com/wotlk/quest=12851,
12852,https://www.wowhead.com/wotlk/quest=12852,
12854,https://www.wowhead.com/wotlk/quest=12854,
12855,https://www.wowhead.com/wotlk/quest=12855,
12856,https://www.wowhead.com/wotlk/quest=12856,
12857,https://www.wowhead.com/wotlk/quest=12857,
12858,https://www.wowhead.com/wotlk/quest=12858,
12859,https://www.wowhead.com/wotlk/quest=12859,
12860,https://www.wowhead.com/wotlk/quest=12860,
12861,https://www.wowhead.com/wotlk/quest=12861,
12865,https://www.wowhead.com/wotlk/quest=12865,
12866,https://www.wowhead.com/wotlk/quest=12866,
12867,https://www.wowhead.com/wotlk/quest=12867,
12868,https://www.wowhead.com/wotlk/quest=12868,
12869,https://www.wowhead.com/wotlk/quest=12869,
12870,https://www.wowhead.com/wotlk/quest=12870,
12872,https://www.wowhead.com/wotlk/quest=12872,
12874,https://www.wowhead.com/wotlk/quest=12874,
12876,https://www.wowhead.com/wotlk/quest=12876,
12877,https://www.wowhead.com/wotlk/quest=12877,
12882,https://www.wowhead.com/wotlk/quest=12882,
12886,https://www.wowhead.com/wotlk/quest=12886,
12887,https://www.wowhead.com/wotlk/quest=12887,
12888,https://www.wowhead.com/wotlk/quest=12888,
12891,https://www.wowhead.com/wotlk/quest=12891,
12892,https://www.wowhead.com/wotlk/quest=12892,
12893,https://www.wowhead.com/wotlk/quest=12893,
12895,https://www.wowhead.com/wotlk/quest=12895,
12896,https://www.wowhead.com/wotlk/quest=12896,
12897,https://www.wowhead.com/wotlk/quest=12897,
12900,https://www.wowhead.com/wotlk/quest=12900,
12901,https://www.wowhead.com/wotlk/quest=12901,
12903,https://www.wowhead.com/wotlk/quest=12903,
12904,https://www.wowhead.com/wotlk/quest=12904,
12906,https://www.wowhead.com/wotlk/quest=12906,
12907,https://www.wowhead.com/wotlk/quest=12907,
12910,https://www.wowhead.com/wotlk/quest=12910,
12914,https://www.wowhead.com/wotlk/quest=12914,
12915,https://www.wowhead.com/wotlk/quest=12915,
12916,https://www.wowhead.com/wotlk/quest=12916,
12917,https://www.wowhead.com/wotlk/quest=12917,
12918,https://www.wowhead.com/wotlk/quest=12918,
12919,https://www.wowhead.com/wotlk/quest=12919,
12920,https://www.wowhead.com/wotlk/quest=12920,
12922,https://www.wowhead.com/wotlk/quest=12922,
12924,https://www.wowhead.com/wotlk/quest=12924,
12925,https://www.wowhead.com/wotlk/quest=12925,
12926,https://www.wowhead.com/wotlk/quest=12926,
12927,https://www.wowhead.com/wotlk/quest=12927,
12928,https://www.wowhead.com/wotlk/quest=12928,
12930,https://www.wowhead.com/wotlk/quest=12930,
12931,https://www.wowhead.com/wotlk/quest=12931,
12937,https://www.wowhead.com/wotlk/quest=12937,
12939,https://www.wowhead.com/wotlk/quest=12939,
12942,https://www.wowhead.com/wotlk/quest=12942,
12943,https://www.wowhead.com/wotlk/quest=12943,
12949,https://www.wowhead.com/wotlk/quest=12949,
12952,https://www.wowhead.com/wotlk/quest=12952,
12953,https://www.wowhead.com/wotlk/quest=12953,
12955,https://www.wowhead.com/wotlk/quest=12955,
12957,https://www.wowhead.com/wotlk/quest=12957,
12958,https://www.wowhead.com/wotlk/quest=12958,
12959,https://www.wowhead.com/wotlk/quest=12959,
12960,https://www.wowhead.com/wotlk/quest=12960,
12961,https://www.wowhead.com/wotlk/quest=12961,
12962,https://www.wowhead.com/wotlk/quest=12962,
12963,https://www.wowhead.com/wotlk/quest=12963,
12964,https://www.wowhead.com/wotlk/quest=12964,
12965,https://www.wowhead.com/wotlk/quest=12965,
12967,https://www.wowhead.com/wotlk/quest=12967,
12968,https://www.wowhead.com/wotlk/quest=12968,
12969,https://www.wowhead.com/wotlk/quest=12969,
12970,https://www.wowhead.com/wotlk/quest=12970,
12971,https://www.wowhead.com/wotlk/quest=12971,
12975,https://www.wowhead.com/wotlk/quest=12975,
12977,https://www.wowhead.com/wotlk/quest=12977,
12978,https://www.wowhead.com/wotlk/quest=12978,
12980,https://www.wowhead.com/wotlk/quest=12980,
12981,https://www.wowhead.com/wotlk/quest=12981,
12982,https://www.wowhead.com/wotlk/quest=12982,
12983,https://www.wowhead.com/wotlk/quest=12983,
12984,https://www.wowhead.com/wotlk/quest=12984,
12985,https://www.wowhead.com/wotlk/quest=12985,
12986,https://www.wowhead.com/wotlk/quest=12986,
12987,https://www.wowhead.com/wotlk/quest=12987,
12988,https://www.wowhead.com/wotlk/quest=12988,
12989,https://www.wowhead.com/wotlk/quest=12989,
12991,https://www.wowhead.com/wotlk/quest=12991,
12992,https://www.wowhead.com/wotlk/quest=12992,
12993,https://www.wowhead.com/wotlk/quest=12993,
12994,https://www.wowhead.com/wotlk/quest=12994,
12995,https://www.wowhead.com/wotlk/quest=12995,
12996,https://www.wowhead.com/wotlk/quest=12996,
12997,https://www.wowhead.com/wotlk/quest=12997,
12998,https://www.wowhead.com/wotlk/quest=12998,
13,https://www.wowhead.com/classic/quest=13,
13000,https://www.wowhead.com/wotlk/quest=13000,
13001,https://www.wowhead.com/wotlk/quest=13001,
13002,https://www.wowhead.com/wotlk/quest=13002,
13003,https://www.wowhead.com/wotlk/quest=13003,
13004,https://www.wowhead.com/wotlk/quest=13004,
13005,https://www.wowhead.com/wotlk/quest=13005,
13006,https://www.wowhead.com/wotlk/quest=13006,
13007,https://www.wowhead.com/wotlk/quest=13007,
13008,https://www.wowhead.com/wotlk/quest=13008,
13010,https://www.wowhead.com/wotlk/quest=13010,
13011,https://www.wowhead.com/wotlk/quest=13011,
13034,https://www.wowhead.com/wotlk/quest=13034,
13035,https://www.wowhead.com/wotlk/quest=13035,
13037,https://www.wowhead.com/wotlk/quest=13037,
13038,https://www.wowhead.com/wotlk/quest=13038,
13039,https://www.wowhead.com/wotlk/quest=13039,
13040,https://www.wowhead.com/wotlk/quest=13040,
13041,https://www.wowhead.com/wotlk/quest=13041,
13042,https://www.wowhead.com/wotlk/quest=13042,
13043,https://www.wowhead.com/wotlk/quest=13043,
13045,https://www.wowhead.com/wotlk/quest=13045,
13046,https://www.wowhead.com/wotlk/quest=13046,
13048,https://www.wowhead.com/wotlk/quest=13048,
13049,https://www.wowhead.com/wotlk/quest=13049,
13050,https://www.wowhead.com/wotlk/quest=13050,
13051,https://www.wowhead.com/wotlk/quest=13051,
13055,https://www.wowhead.com/wotlk/quest=13055,
13056,https://www.wowhead.com/wotlk/quest=13056,
13058,https://www.wowhead.com/wotlk/quest=13058,
13059,https://www.wowhead.com/wotlk/quest=13059,
13064,https://www.wowhead.com/wotlk/quest=13064,
13069,https://www.wowhead.com/wotlk/quest=13069,
13071,https://www.wowhead.com/wotlk/quest=13071,
13074,https://www.wowhead.com/wotlk/quest=13074,
13078,https://www.wowhead.com/wotlk/quest=13078,
13084,https://www.wowhead.com/wotlk/quest=13084,
13086,https://www.wowhead.com/wotlk/quest=13086,
13087,https://www.wowhead.com/wotlk/quest=13087,
13088,https://www.wowhead.com/wotlk/quest=13088,
13089,https://www.wowhead.com/wotlk/quest=13089,
13090,https://www.wowhead.com/wotlk/quest=13090,
13091,https://www.wowhead.com/wotlk/quest=13091,
13092,https://www.wowhead.com/wotlk/quest=13092,
13093,https://www.wowhead.com/wotlk/quest=13093,
13094,https://www.wowhead.com/wotlk/quest=13094,
13095,https://www.wowhead.com/wotlk/quest=13095,
13096,https://www.wowhead.com/wotlk/quest=13096,
13098,https://www.wowhead.com/wotlk/quest=13098,
13100,https://www.wowhead.com/wotlk/quest=13100,
13101,https://www.wowhead.com/wotlk/quest=13101,
13102,https://www.wowhead.com/wotlk/quest=13102,
13103,https://www.wowhead.com/wotlk/quest=13103,
13107,https://www.wowhead.com/wotlk/quest=13107,
13108,https://www.wowhead.com/wotlk/quest=13108,
13109,https://www.wowhead.com/wotlk/quest=13109,
13110,https://www.wowhead.com/wotlk/quest=13110,
13111,https://www.wowhead.com/wotlk/quest=13111,
13112,https://www.wowhead.com/wotlk/quest=13112,
13113,https://www.wowhead.com/wotlk/quest=13113,
13114,https://www.wowhead.com/wotlk/quest=13114,
13115,https://www.wowhead.com/wotlk/quest=13115,
13116,https://www.wowhead.com/wotlk/quest=13116,
13117,https://www.wowhead.com/wotlk/quest=13117,
13118,https://www.wowhead.com/wotlk/quest=13118,
13119,https://www.wowhead.com/wotlk/quest=13119,
13120,https://www.wowhead.com/wotlk/quest=13120,
13121,https://www.wowhead.com/wotlk/quest=13121,
13122,https://www.wowhead.com/wotlk/quest=13122,
13125,https://www.wowhead.com/wotlk/quest=13125,
13126,https://www.wowhead.com/wotlk/quest=13126,
13127,https://www.wowhead.com/wotlk/quest=13127,
13128,https://www.wowhead.com/wotlk/quest=13128,
13129,https://www.wowhead.com/wotlk/quest=13129,
13130,https://www.wowhead.com/wotlk/quest=13130,
13131,https://www.wowhead.com/wotlk/quest=13131,
13132,https://www.wowhead.com/wotlk/quest=13132,
13133,https://www.wowhead.com/wotlk/quest=13133,
13134,https://www.wowhead.com/wotlk/quest=13134,
13135,https://www.wowhead.com/wotlk/quest=13135,
13137,https://www.wowhead.com/wotlk/quest=13137,
13138,https://www.wowhead.com/wotlk/quest=13138,
13140,https://www.wowhead.com/wotlk/quest=13140,
13141,https://www.wowhead.com/wotlk/quest=13141,
13142,https://www.wowhead.com/wotlk/quest=13142,
13143,https://www.wowhead.com/wotlk/quest=13143,
13144,https://www.wowhead.com/wotlk/quest=13144,
13145,https://www.wowhead.com/wotlk/quest=13145,
13146,https://www.wowhead.com/wotlk/quest=13146,
13147,https://www.wowhead.com/wotlk/quest=13147,
13148,https://www.wowhead.com/wotlk/quest=13148,
13149,https://www.wowhead.com/wotlk/quest=13149,
13151,https://www.wowhead.com/wotlk/quest=13151,
13152,https://www.wowhead.com/wotlk/quest=13152,
13153,https://www.wowhead.com/wotlk/quest=13153,
13154,https://www.wowhead.com/wotlk/quest=13154,
13156,https://www.wowhead.com/wotlk/quest=13156,
13159,https://www.wowhead.com/wotlk/quest=13159,
13160,https://www.wowhead.com/wotlk/quest=13160,
13161,https://www.wowhead.com/wotlk/quest=13161,
13162,https://www.wowhead.com/wotlk/quest=13162,
13163,https://www.wowhead.com/wotlk/quest=13163,
13164,https://www.wowhead.com/wotlk/quest=13164,
13166,https://www.wowhead.com/wotlk/quest=13166,
13167,https://www.wowhead.com/wotlk/quest=13167,
13169,https://www.wowhead.com/wotlk/quest=13169,
13170,https://www.wowhead.com/wotlk/quest=13170,
13171,https://www.wowhead.com/wotlk/quest=13171,
13172,https://www.wowhead.com/wotlk/quest=13172,
13174,https://www.wowhead.com/wotlk/quest=13174,
13177,https://www.wowhead.com/wotlk/quest=13177,
13178,https://www.wowhead.com/wotlk/quest=13178,
13179,https://www.wowhead.com/wotlk/quest=13179,
1318,https://www.wowhead.com/classic/quest=1318,
13180,https://www.wowhead.com/wotlk/quest=13180,
13182,https://www.wowhead.com/wotlk/quest=13182,
13185,https://www.wowhead.com/wotlk/quest=13185,
13186,https://www.wowhead.com/wotlk/quest=13186,
13187,https://www.wowhead.com/wotlk/quest=13187,
13190,https://www.wowhead.com/wotlk/quest=13190,
13191,https://www.wowhead.com/wotlk/quest=13191,
13192,https://www.wowhead.com/wotlk/quest=13192,
13193,https://www.wowhead.com/wotlk/quest=13193,
13194,https://www.wowhead.com/wotlk/quest=13194,
13195,https://www.wowhead.com/wotlk/quest=13195,
13196,https://www.wowhead.com/wotlk/quest=13196,
13197,https://www.wowhead.com/wotlk/quest=13197,
13198,https://www.wowhead.com/wotlk/quest=13198,
13199,https://www.wowhead.com/wotlk/quest=13199,
13200,https://www.wowhead.com/wotlk/quest=13200,
13201,https://www.wowhead.com/wotlk/quest=13201,
13202,https://www.wowhead.com/wotlk/quest=13202,
13204,https://www.wowhead.com/wotlk/quest=13204,
13205,https://www.wowhead.com/wotlk/quest=13205,
13206,https://www.wowhead.com/wotlk/quest=13206,
13207,https://www.wowhead.com/wotlk/quest=13207,
13211,https://www.wowhead.com/wotlk/quest=13211,
13212,https://www.wowhead.com/wotlk/quest=13212,
1322,https://www.wowhead.com/classic/quest=1322,
13220,https://www.wowhead.com/wotlk/quest=13220,
13222,https://www.wowhead.com/wotlk/quest=13222,
13223,https://www.wowhead.com/wotlk/quest=13223,
13228,https://www.wowhead.com/wotlk/quest=13228,
13230,https://www.wowhead.com/wotlk/quest=13230,
13231,https://www.wowhead.com/wotlk/quest=13231,
13232,https://www.wowhead.com/wotlk/quest=13232,
13235,https://www.wowhead.com/wotlk/quest=13235,
13236,https://www.wowhead.com/wotlk/quest=13236,
13237,https://www.wowhead.com/wotlk/quest=13237,
13239,https://www.wowhead.com/wotlk/quest=13239,
13242,https://www.wowhead.com/wotlk/quest=13242,
13259,https://www.wowhead.com/wotlk/quest=13259,
13261,https://www.wowhead.com/wotlk/quest=13261,
13264,https://www.wowhead.com/wotlk/quest=13264,
13273,https://www.wowhead.com/wotlk/quest=13273,
13274,https://www.wowhead.com/wotlk/quest=13274,
13275,https://www.wowhead.com/wotlk/quest=13275,
13276,https://www.wowhead.com/wotlk/quest=13276,
13277,https://www.wowhead.com/wotlk/quest=13277,
13278,https://www.wowhead.com/wotlk/quest=13278,
13279,https://www.wowhead.com/wotlk/quest=13279,
13280,https://www.wowhead.com/wotlk/quest=13280,
13281,https://www.wowhead.com/wotlk/quest=13281,
13283,https://www.wowhead.com/wotlk/quest=13283,
13284,https://www.wowhead.com/wotlk/quest=13284,
13285,https://www.wowhead.com/wotlk/quest=13285,
13287,https://www.wowhead.com/wotlk/quest=13287,
13288,https://www.wowhead.com/wotlk/quest=13288,
13289,https://www.wowhead.com/wotlk/quest=13289,
13291,https://www.wowhead.com/wotlk/quest=13291,
13292,https://www.wowhead.com/wotlk/quest=13292,
13294,https://www.wowhead.com/wotlk/quest=13294,
13295,https://www.wowhead.com/wotlk/quest=13295,
13297,https://www.wowhead.com/wotlk/quest=13297,
13298,https://www.wowhead.com/wotlk/quest=13298,
133,https://www.wowhead.com/classic/quest=133,
13300,https://www.wowhead.com/wotlk/quest=13300,
13301,https://www.wowhead.com/wotlk/quest=13301,
13302,https://www.wowhead.com/wotlk/quest=13302,
13304,https://www.wowhead.com/wotlk/quest=13304,
13305,https://www.wowhead.com/wotlk/quest=13305,
13306,https://www.wowhead.com/wotlk/quest=13306,
13307,https://www.wowhead.com/wotlk/quest=13307,
13308,https://www.wowhead.com/wotlk/quest=13308,
13309,https://www.wowhead.com/wotlk/quest=13309,
13310,https://www.wowhead.com/wotlk/quest=13310,
13312,https://www.wowhead.com/wotlk/quest=13312,
13313,https://www.wowhead.com/wotlk/quest=13313,
13314,https://www.wowhead.com/wotlk/quest=13314,
13315,https://www.wowhead.com/wotlk/quest=13315,
13316,https://www.wowhead.com/wotlk/quest=13316,
13318,https://www.wowhead.com/wotlk/quest=13318,
13319,https://www.wowhead.com/wotlk/quest=13319,
13320,https://www.wowhead.com/wotlk/quest=13320,
13321,https://www.wowhead.com/wotlk/quest=13321,
13322,https://www.wowhead.com/wotlk/quest=13322,
13323,https://www.wowhead.com/wotlk/quest=13323,
13328,https://www.wowhead.com/wotlk/quest=13328,
13329,https://www.wowhead.com/wotlk/quest=13329,
13330,https://www.wowhead.com/wotlk/quest=13330,
13331,https://www.wowhead.com/wotlk/quest=13331,
13332,https://www.wowhead.com/wotlk/quest=13332,
13333,https://www.wowhead.com/wotlk/quest=13333,
13334,https://www.wowhead.com/wotlk/quest=13334,
13335,https://www.wowhead.com/wotlk/quest=13335,
13336,https://www.wowhead.com/wotlk/quest=13336,
13337,https://www.wowhead.com/wotlk/quest=13337,
13338,https://www.wowhead.com/wotlk/quest=13338,
13339,https://www.wowhead.com/wotlk/quest=13339,
13342,https://www.wowhead.com/wotlk/quest=13342,
13343,https://www.wowhead.com/wotlk/quest=13343,
13344,https://www.wowhead.com/wotlk/quest=13344,
13345,https://www.wowhead.com/wotlk/quest=13345,
13346,https://www.wowhead.com/wotlk/quest=13346,
13347,https://www.wowhead.com/wotlk/quest=13347,
13349,https://www.wowhead.com/wotlk/quest=13349,
13350,https://www.wowhead.com/wotlk/quest=13350,
13351,https://www.wowhead.com/wotlk/quest=13351,
13352,https://www.wowhead.com/wotlk/quest=13352,
13353,https://www.wowhead.com/wotlk/quest=13353,
13354,https://www.wowhead.com/wotlk/quest=13354,
13355,https://www.wowhead.com/wotlk/quest=13355,
13356,https://www.wowhead.com/wotlk/quest=13356,
13357,https://www.wowhead.com/wotlk/quest=13357,
13358,https://www.wowhead.com/wotlk/quest=13358,
13359,https://www.wowhead.com/wotlk/quest=13359,
13361,https://www.wowhead.com/wotlk/quest=13361,
13364,https://www.wowhead.com/wotlk/quest=13364,
13365,https://www.wowhead.com/wotlk/quest=13365,
13366,https://www.wowhead.com/wotlk/quest=13366,
13367,https://www.wowhead.com/wotlk/quest=13367,
13368,https://www.wowhead.com/wotlk/quest=13368,
13373,https://www.wowhead.com/wotlk/quest=13373,
13374,https://www.wowhead.com/wotlk/quest=13374,
13376,https://www.wowhead.com/wotlk/quest=13376,
13380,https://www.wowhead.com/wotlk/quest=13380,
13381,https://www.wowhead.com/wotlk/quest=13381,
13382,https://www.wowhead.com/wotlk/quest=13382,
13384,https://www.wowhead.com/wotlk/quest=13384,
13385,https://www.wowhead.com/wotlk/quest=13385,
13387,https://www.wowhead.com/wotlk/quest=13387,
13391,https://www.wowhead.com/wotlk/quest=13391,
13393,https://www.wowhead.com/wotlk/quest=13393,
13394,https://www.wowhead.com/wotlk/quest=13394,
13395,https://www.wowhead.com/wotlk/quest=13395,
13397,https://www.wowhead.com/wotlk/quest=13397,
13398,https://www.wowhead.com/wotlk/quest=13398,
134,https://www.wowhead.com/classic/quest=134,
13400,https://www.wowhead.com/wotlk/quest=13400,
13403,https://www.wowhead.com/wotlk/quest=13403,
13404,https://www.wowhead.com/wotlk/quest=13404,
13406,https://www.wowhead.com/wotlk/quest=13406,
13408,https://www.wowhead.com/wotlk/quest=13408,
13409,https://www.wowhead.com/wotlk/quest=13409,
13410,https://www.wowhead.com/wotlk/quest=13410,
13411,https://www.wowhead.com/wotlk/quest=13411,
13413,https://www.wowhead.com/wotlk/quest=13413,
13414,https://www.wowhead.com/wotlk/quest=13414,
13421,https://www.wowhead.com/wotlk/quest=13421,
13422,https://www.wowhead.com/wotlk/quest=13422,
13423,https://www.wowhead.com/wotlk/quest=13423,
13424,https://www.wowhead.com/wotlk/quest=13424,
13425,https://www.wowhead.com/wotlk/quest=13425,
13430,https://www.wowhead.com/wotlk/quest=13430,
13431,https://www.wowhead.com/wotlk/quest=13431,
13432,https://www.wowhead.com/wotlk/quest=13432,
13479,https://www.wowhead.com/wotlk/quest=13479,
13480,https://www.wowhead.com/wotlk/quest=13480,
13502,https://www.wowhead.com/wotlk/quest=13502,
13503,https://www.wowhead.com/wotlk/quest=13503,
13538,https://www.wowhead.com/wotlk/quest=13538,
13539,https://www.wowhead.com/wotlk/quest=13539,
13549,https://www.wowhead.com/wotlk/quest=13549,
13556,https://www.wowhead.com/wotlk/quest=13556,
13559,https://www.wowhead.com/wotlk/quest=13559,
13592,https://www.wowhead.com/wotlk/quest=13592,
1360,https://www.wowhead.com/classic/quest=1360,
13600,https://www.wowhead.com/wotlk/quest=13600,
13603,https://www.wowhead.com/wotlk/quest=13603,
13606,https://www.wowhead.com/wotlk/quest=13606,
13607,https://www.wowhead.com/wotlk/quest=13607,
13609,https://www.wowhead.com/wotlk/quest=13609,
13610,https://www.wowhead.com/wotlk/quest=13610,
13611,https://www.wowhead.com/wotlk/quest=13611,
13616,https://www.wowhead.com/wotlk/quest=13616,
13625,https://www.wowhead.com/wotlk/quest=13625,
13629,https://www.wowhead.com/wotlk/quest=13629,
13633,https://www.wowhead.com/wotlk/quest=13633,
13634,https://www.wowhead.com/wotlk/quest=13634,
1364,https://www.wowhead.com/classic/quest=1364,
13641,https://www.wowhead.com/wotlk/quest=13641,
13643,https://www.wowhead.com/wotlk/quest=13643,
1365,https://www.wowhead.com/classic/quest=1365,
13654,https://www.wowhead.com/wotlk/quest=13654,
1366,https://www.wowhead.com/classic/quest=1366,
13662,https://www.wowhead.com/wotlk/quest=13662,
13663,https://www.wowhead.com/wotlk/quest=13663,
13664,https://www.wowhead.com/wotlk/quest=13664,
13665,https://www.wowhead.com/wotlk/quest=13665,
13666,https://www.wowhead.com/wotlk/quest=13666,
13669,https://www.wowhead.com/wotlk/quest=13669,
13670,https://www.wowhead.com/wotlk/quest=13670,
13671,https://www.wowhead.com/wotlk/quest=13671,
13672,https://www.wowhead.com/wotlk/quest=13672,
13673,https://www.wowhead.com/wotlk/quest=13673,
13674,https://www.wowhead.com/wotlk/quest=13674,
13675,https://www.wowhead.com/wotlk/quest=13675,
13676,https://www.wowhead.com/wotlk/quest=13676,
13677,https://www.wowhead.com/wotlk/quest=13677,
13678,https://www.wowhead.com/wotlk/quest=13678,
13679,https://www.wowhead.com/wotlk/quest=13679,
13680,https://www.wowhead.com/wotlk/quest=13680,
13682,https://www.wowhead.com/wotlk/quest=13682,
1369,https://www.wowhead.com/classic/quest=1369,
13697,https://www.wowhead.com/wotlk/quest=13697,
13699,https://www.wowhead.com/wotlk/quest=13699,
1370,https://www.wowhead.com/classic/quest=1370,
1371,https://www.wowhead.com/classic/quest=1371,
13713,https://www.wowhead.com/wotlk/quest=13713,
13714,https://www.wowhead.com/wotlk/quest=13714,
13715,https://www.wowhead.com/wotlk/quest=13715,
13716,https://www.wowhead.com/wotlk/quest=13716,
13717,https://www.wowhead.com/wotlk/quest=13717,
13718,https://www.wowhead.com/wotlk/quest=13718,
13719,https://www.wowhead.com/wotlk/quest=13719,
13720,https://www.wowhead.com/wotlk/quest=13720,
13721,https://www.wowhead.com/wotlk/quest=13721,
13722,https://www.wowhead.com/wotlk/quest=13722,
13723,https://www.wowhead.com/wotlk/quest=13723,
13724,https://www.wowhead.com/wotlk/quest=13724,
13725,https://www.wowhead.com/wotlk/quest=13725,
13726,https://www.wowhead.com/wotlk/quest=13726,
13727,https://www.wowhead.com/wotlk/quest=13727,
13728,https://www.wowhead.com/wotlk/quest=13728,
13729,https://www.wowhead.com/wotlk/quest=13729,
1373,https://www.wowhead.com/classic/quest=1373,
13731,https://www.wowhead.com/wotlk/quest=13731,
1374,https://www.wowhead.com/classic/quest=1374,
13741,https://www.wowhead.com/wotlk/quest=13741,
13742,https://www.wowhead.com/wotlk/quest=13742,
13743,https://www.wowhead.com/wotlk/quest=13743,
13744,https://www.wowhead.com/wotlk/quest=13744,
13745,https://www.wowhead.com/wotlk/quest=13745,
13746,https://www.wowhead.com/wotlk/quest=13746,
13747,https://www.wowhead.com/wotlk/quest=13747,
13748,https://www.wowhead.com/wotlk/quest=13748,
13749,https://www.wowhead.com/wotlk/quest=13749,
1375,https://www.wowhead.com/classic/quest=1375,
13750,https://www.wowhead.com/wotlk/quest=13750,
13752,https://www.wowhead.com/wotlk/quest=13752,
13753,https://www.wowhead.com/wotlk/quest=13753,
13754,https://www.wowhead.com/wotlk/quest=13754,
13755,https://www.wowhead.com/wotlk/quest=13755,
13756,https://www.wowhead.com/wotlk/quest=13756,
13757,https://www.wowhead.com/wotlk/quest=13757,
13758,https://www.wowhead.com/wotlk/quest=13758,
13759,https://www.wowhead.com/wotlk/quest=13759,
13760,https://www.wowhead.com/wotlk/quest=13760,
13761,https://www.wowhead.com/wotlk/quest=13761,
13762,https://www.wowhead.com/wotlk/quest=13762,
13763,https://www.wowhead.com/wotlk/quest=13763,
13764,https://www.wowhead.com/wotlk/quest=13764,
13765,https://www.wowhead.com/wotlk/quest=13765,
13767,https://www.wowhead.com/wotlk/quest=13767,
13768,https://www.wowhead.com/wotlk/quest=13768,
13769,https://www.wowhead.com/wotlk/quest=13769,
13770,https://www.wowhead.com/wotlk/quest=13770,
13771,https://www.wowhead.com/wotlk/quest=13771,
13772,https://www.wowhead.com/wotlk/quest=13772,
13773,https://www.wowhead.com/wotlk/quest=13773,
13774,https://www.wowhead.com/wotlk/quest=13774,
13775,https://www.wowhead.com/wotlk/quest=13775,
13776,https://www.wowhead.com/wotlk/quest=13776,
13777,https://www.wowhead.com/wotlk/quest=13777,
13778,https://www.wowhead.com/wotlk/quest=13778,
13779,https://www.wowhead.com/wotlk/quest=13779,
13780,https://www.wowhead.com/wotlk/quest=13780,
13781,https://www.wowhead.com/wotlk/quest=13781,
13782,https://www.wowhead.com/wotlk/quest=13782,
13783,https://www.wowhead.com/wotlk/quest=13783,
13784,https://www.wowhead.com/wotlk/quest=13784,
13785,https://www.wowhead.com/wotlk/quest=13785,
13786,https://www.wowhead.com/wotlk/quest=13786,
13787,https://www.wowhead.com/wotlk/quest=13787,
13788,https://www.wowhead.com/wotlk/quest=13788,
13789,https://www.wowhead.com/wotlk/quest=13789,
13790,https://www.wowhead.com/wotlk/quest=13790,
13791,https://www.wowhead.com/wotlk/quest=13791,
13793,https://www.wowhead.com/wotlk/quest=13793,
1380,https://www.wowhead.com/classic/quest=1380,
13809,https://www.wowhead.com/wotlk/quest=13809,
1381,https://www.wowhead.com/classic/quest=1381,
13810,https://www.wowhead.com/wotlk/quest=13810,
13811,https://www.wowhead.com/wotlk/quest=13811,
13812,https://www.wowhead.com/wotlk/quest=13812,
13813,https://www.wowhead.com/wotlk/quest=13813,
13814,https://www.wowhead.com/wotlk/quest=13814,
13821,https://www.wowhead.com/wotlk/quest=13821,
13822,https://www.wowhead.com/wotlk/quest=13822,
13823,https://www.wowhead.com/wotlk/quest=13823,
13824,https://www.wowhead.com/wotlk/quest=13824,
13828,https://www.wowhead.com/wotlk/quest=13828,
13829,https://www.wowhead.com/wotlk/quest=13829,
1383,https://www.wowhead.com/classic/quest=1383,
13832,https://www.wowhead.com/wotlk/quest=13832,
13833,https://www.wowhead.com/wotlk/quest=13833,
13834,https://www.wowhead.com/wotlk/quest=13834,
13835,https://www.wowhead.com/wotlk/quest=13835,
13836,https://www.wowhead.com/wotlk/quest=13836,
13837,https://www.wowhead.com/wotlk/quest=13837,
13838,https://www.wowhead.com/wotlk/quest=13838,
13839,https://www.wowhead.com/wotlk/quest=13839,
1384,https://www.wowhead.com/classic/quest=1384,
13847,https://www.wowhead.com/wotlk/quest=13847,
13850,https://www.wowhead.com/wotlk/quest=13850,
13851,https://www.wowhead.com/wotlk/quest=13851,
13852,https://www.wowhead.com/wotlk/quest=13852,
13854,https://www.wowhead.com/wotlk/quest=13854,
13855,https://www.wowhead.com/wotlk/quest=13855,
13856,https://www.wowhead.com/wotlk/quest=13856,
13857,https://www.wowhead.com/wotlk/quest=13857,
13858,https://www.wowhead.com/wotlk/quest=13858,
13859,https://www.wowhead.com/wotlk/quest=13859,
1386,https://www.wowhead.com/classic/quest=1386,
13860,https://www.wowhead.com/wotlk/quest=13860,
13861,https://www.wowhead.com/wotlk/quest=13861,
13862,https://www.wowhead.com/wotlk/quest=13862,
13863,https://www.wowhead.com/wotlk/quest=13863,
13864,https://www.wowhead.com/wotlk/quest=13864,
1387,https://www.wowhead.com/classic/quest=1387,
13887,https://www.wowhead.com/wotlk/quest=13887,
13889,https://www.wowhead.com/wotlk/quest=13889,
1389,https://www.wowhead.com/classic/quest=1389,
13903,https://www.wowhead.com/wotlk/quest=13903,
13904,https://www.wowhead.com/wotlk/quest=13904,
13905,https://www.wowhead.com/wotlk/quest=13905,
13906,https://www.wowhead.com/wotlk/quest=13906,
13914,https://www.wowhead.com/wotlk/quest=13914,
13915,https://www.wowhead.com/wotlk/quest=13915,
13916,https://www.wowhead.com/wotlk/quest=13916,
13917,https://www.wowhead.com/wotlk/quest=13917,
13938,https://www.wowhead.com/wotlk/quest=13938,
13952,https://www.wowhead.com/wotlk/quest=13952,
1396,https://www.wowhead.com/classic/quest=1396,
1398,https://www.wowhead.com/classic/quest=1398,
14,https://www.wowhead.com/classic/quest=14,
14017,https://www.wowhead.com/wotlk/quest=14017,
14023,https://www.wowhead.com/wotlk/quest=14023,
14024,https://www.wowhead.com/wotlk/quest=14024,
14028,https://www.wowhead.com/wotlk/quest=14028,
14030,https://www.wowhead.com/wotlk/quest=14030,
14033,https://www.wowhead.com/wotlk/quest=14033,
14035,https://www.wowhead.com/wotlk/quest=14035,
14037,https://www.wowhead.com/wotlk/quest=14037,
14040,https://www.wowhead.com/wotlk/quest=14040,
14041,https://www.wowhead.com/wotlk/quest=14041,
14043,https://www.wowhead.com/wotlk/quest=14043,
14044,https://www.wowhead.com/wotlk/quest=14044,
14047,https://www.wowhead.com/wotlk/quest=14047,
14048,https://www.wowhead.com/wotlk/quest=14048,
14051,https://www.wowhead.com/wotlk/quest=14051,
14053,https://www.wowhead.com/wotlk/quest=14053,
14054,https://www.wowhead.com/wotlk/quest=14054,
14055,https://www.wowhead.com/wotlk/quest=14055,
14058,https://www.wowhead.com/wotlk/quest=14058,
14059,https://www.wowhead.com/wotlk/quest=14059,
14060,https://www.wowhead.com/wotlk/quest=14060,
14061,https://www.wowhead.com/wotlk/quest=14061,
14062,https://www.wowhead.com/wotlk/quest=14062,
14064,https://www.wowhead.com/wotlk/quest=14064,
14065,https://www.wowhead.com/wotlk/quest=14065,
14074,https://www.wowhead.com/wotlk/quest=14074,
14076,https://www.wowhead.com/wotlk/quest=14076,
14077,https://www.wowhead.com/wotlk/quest=14077,
14080,https://www.wowhead.com/wotlk/quest=14080,
14090,https://www.wowhead.com/wotlk/quest=14090,
14092,https://www.wowhead.com/wotlk/quest=14092,
14096,https://www.wowhead.com/wotlk/quest=14096,
14100,https://www.wowhead.com/wotlk/quest=14100,
14101,https://www.wowhead.com/wotlk/quest=14101,
14102,https://www.wowhead.com/wotlk/quest=14102,
14104,https://www.wowhead.com/wotlk/quest=14104,
14105,https://www.wowhead.com/wotlk/quest=14105,
14107,https://www.wowhead.com/wotlk/quest=14107,
14108,https://www.wowhead.com/wotlk/quest=14108,
14111,https://www.wowhead.com/wotlk/quest=14111,
14112,https://www.wowhead.com/wotlk/quest=14112,
14136,https://www.wowhead.com/wotlk/quest=14136,
14140,https://www.wowhead.com/wotlk/quest=14140,
14141,https://www.wowhead.com/wotlk/quest=14141,
14142,https://www.wowhead.com/wotlk/quest=14142,
14143,https://www.wowhead.com/wotlk/quest=14143,
14144,https://www.wowhead.com/wotlk/quest=14144,
14145,https://www.wowhead.com/wotlk/quest=14145,
14151,https://www.wowhead.com/wotlk/quest=14151,
14152,https://www.wowhead.com/wotlk/quest=14152,
14166,https://www.wowhead.com/wotlk/quest=14166,
14167,https://www.wowhead.com/wotlk/quest=14167,
14168,https://www.wowhead.com/wotlk/quest=14168,
14169,https://www.wowhead.com/wotlk/quest=14169,
14170,https://www.wowhead.com/wotlk/quest=14170,
14171,https://www.wowhead.com/wotlk/quest=14171,
14172,https://www.wowhead.com/wotlk/quest=14172,
14173,https://www.wowhead.com/wotlk/quest=14173,
14174,https://www.wowhead.com/wotlk/quest=14174,
14175,https://www.wowhead.com/wotlk/quest=14175,
14176,https://www.wowhead.com/wotlk/quest=14176,
14177,https://www.wowhead.com/wotlk/quest=14177,
1419,https://www.wowhead.com/classic/quest=1419,
142,https://www.wowhead.com/classic/quest=142,
1421,https://www.wowhead.com/classic/quest=1421,
1424,https://www.wowhead.com/classic/quest=1424,
1426,https://www.wowhead.com/classic/quest=1426,
1428,https://www.wowhead.com/classic/quest=1428,
1430,https://www.wowhead.com/classic/quest=1430,
1434,https://www.wowhead.com/classic/quest=1434,
1435,https://www.wowhead.com/classic/quest=1435,
14350,https://www.wowhead.com/wotlk/quest=14350,
14353,https://www.wowhead.com/wotlk/quest=14353,
14355,https://www.wowhead.com/wotlk/quest=14355,
14356,https://www.wowhead.com/wotlk/quest=14356,
1439,https://www.wowhead.com/classic/quest=1439,
1442,https://www.wowhead.com/classic/quest=1442,
14420,https://www.wowhead.com/wotlk/quest=14420,
14421,https://www.wowhead.com/wotlk/quest=14421,
14444,https://www.wowhead.com/wotlk/quest=14444,
1445,https://www.wowhead.com/classic/quest=1445,
14457,https://www.wowhead.com/wotlk/quest=14457,
1446,https://www.wowhead.com/classic/quest=1446,
1448,https://www.wowhead.com/classic/quest=1448,
14488,https://www.wowhead.com/wotlk/quest=14488,
1452,https://www.wowhead.com/classic/quest=1452,
1456,https://www.wowhead.com/classic/quest=1456,
1458,https://www.wowhead.com/classic/quest=1458,
1459,https://www.wowhead.com/classic/quest=1459,
1466,https://www.wowhead.com/classic/quest=1466,
147,https://www.wowhead.com/classic/quest=147,
1471,https://www.wowhead.com/classic/quest=1471,
1473,https://www.wowhead.com/classic/quest=1473,
1474,https://www.wowhead.com/classic/quest=1474,
1475,https://www.wowhead.com/classic/quest=1475,
1476,https://www.wowhead.com/classic/quest=1476,
1481,https://www.wowhead.com/classic/quest=1481,
1482,https://www.wowhead.com/classic/quest=1482,
1486,https://www.wowhead.com/classic/quest=1486,
1487,https://www.wowhead.com/classic/quest=1487,
1488,https://www.wowhead.com/classic/quest=1488,
1491,https://www.wowhead.com/classic/quest=1491,
1498,https://www.wowhead.com/classic/quest=1498,
15,https://www.wowhead.com/classic/quest=15,
150,https://www.wowhead.com/classic/quest=150,
1501,https://www.wowhead.com/classic/quest=1501,
1503,https://www.wowhead.com/classic/quest=1503,
1504,https://www.wowhead.com/classic/quest=1504,
151,https://www.wowhead.com/classic/quest=151,
1513,https://www.wowhead.com/classic/quest=1513,
1514,https://www.wowhead.com/classic/quest=1514,
1516,https://www.wowhead.com/classic/quest=1516,
1517,https://www.wowhead.com/classic/quest=1517,
1519,https://www.wowhead.com/classic/quest=1519,
152,https://www.wowhead.com/classic/quest=152,
1520,https://www.wowhead.com/classic/quest=1520,
1525,https://www.wowhead.com/classic/quest=1525,
1526,https://www.wowhead.com/classic/quest=1526,
153,https://www.wowhead.com/classic/quest=153,
1534,https://www.wowhead.com/classic/quest=1534,
1535,https://www.wowhead.com/classic/quest=1535,
1536,https://www.wowhead.com/classic/quest=1536,
155,https://www.wowhead.com/classic/quest=155,
156,https://www.wowhead.com/classic/quest=156,
1578,https://www.wowhead.com/classic/quest=1578,
1579,https://www.wowhead.com/classic/quest=1579,
1580,https://www.wowhead.com/classic/quest=1580,
1581,https://www.wowhead.com/classic/quest=1581,
1582,https://www.wowhead.com/classic/quest=1582,
16,https://www.wowhead.com/classic/quest=16,
1618,https://www.wowhead.com/classic/quest=1618,
1644,https://www.wowhead.com/classic/quest=1644,
1648,https://www.wowhead.com/classic/quest=1648,
1654,https://www.wowhead.com/classic/quest=1654,
1655,https://www.wowhead.com/classic/quest=1655,
1657,https://www.wowhead.com/classic/quest=1657,
1658,https://www.wowhead.com/classic/quest=1658,
166,https://www.wowhead.com/classic/quest=166,
1667,https://www.wowhead.com/classic/quest=1667,
167,https://www.wowhead.com/classic/quest=167,
1678,https://www.wowhead.com/classic/quest=1678,
168,https://www.wowhead.com/classic/quest=168,
1681,https://www.wowhead.com/classic/quest=1681,
1683,https://www.wowhead.com/classic/quest=1683,
1686,https://www.wowhead.com/classic/quest=1686,
1688,https://www.wowhead.com/classic/quest=1688,
1689,https://www.wowhead.com/classic/quest=1689,
169,https://www.wowhead.com/classic/quest=169,
1690,https://www.wowhead.com/classic/quest=1690,
1691,https://www.wowhead.com/classic/quest=1691,
1699,https://www.wowhead.com/classic/quest=1699,
17,https://www.wowhead.com/classic/quest=17,
170,https://www.wowhead.com/classic/quest=170,
1701,https://www.wowhead.com/classic/quest=1701,
1705,https://www.wowhead.com/classic/quest=1705,
1707,https://www.wowhead.com/classic/quest=1707,
1708,https://www.wowhead.com/classic/quest=1708,
1710,https://www.wowhead.com/classic/quest=1710,
1712,https://www.wowhead.com/classic/quest=1712,
1713,https://www.wowhead.com/classic/quest=1713,
1714,https://www.wowhead.com/classic/quest=1714,
1719,https://www.wowhead.com/classic/quest=1719,
173,https://www.wowhead.com/classic/quest=173,
1738,https://www.wowhead.com/classic/quest=1738,
1739,https://www.wowhead.com/classic/quest=1739,
174,https://www.wowhead.com/classic/quest=174,
1740,https://www.wowhead.com/classic/quest=1740,
176,https://www.wowhead.com/classic/quest=176,
177,https://www.wowhead.com/classic/quest=177,
1784,https://www.wowhead.com/classic/quest=1784,
1787,https://www.wowhead.com/classic/quest=1787,
179,https://www.wowhead.com/classic/quest=179,
1795,https://www.wowhead.com/classic/quest=1795,
1796,https://www.wowhead.com/classic/quest=1796,
1799,https://www.wowhead.com/classic/quest=1799,
18,https://www.wowhead.com/classic/quest=18,
180,https://www.wowhead.com/classic/quest=180,
1802,https://www.wowhead.com/classic/quest=1802,
1803,https://www.wowhead.com/classic/quest=1803,
1804,https://www.wowhead.com/classic/quest=1804,
1805,https://www.wowhead.com/classic/quest=1805,
181,https://www.wowhead.com/classic/quest=181,
1819,https://www.wowhead.com/classic/quest=1819,
182,https://www.wowhead.com/classic/quest=182,
1821,https://www.wowhead.com/classic/quest=1821,
1824,https://www.wowhead.com/classic/quest=1824,
183,https://www.wowhead.com/classic/quest=183,
1838,https://www.wowhead.com/classic/quest=1838,
1842,https://www.wowhead.com/classic/quest=1842,
1844,https://www.wowhead.com/classic/quest=1844,
1846,https://www.wowhead.com/classic/quest=1846,
185,https://www.wowhead.com/classic/quest=185,
1858,https://www.wowhead.com/classic/quest=1858,
186,https://www.wowhead.com/classic/quest=186,
1861,https://www.wowhead.com/classic/quest=1861,
187,https://www.wowhead.com/classic/quest=187,
1878,https://www.wowhead.com/classic/quest=1878,
188,https://www.wowhead.com/classic/quest=188,
1880,https://www.wowhead.com/classic/quest=1880,
1882,https://www.wowhead.com/classic/quest=1882,
1884,https://www.wowhead.com/classic/quest=1884,
189,https://www.wowhead.com/classic/quest=189,
19,https://www.wowhead.com/classic/quest=19,
190,https://www.wowhead.com/classic/quest=190,
191,https://www.wowhead.com/classic/quest=191,
192,https://www.wowhead.com/classic/quest=192,
1920,https://www.wowhead.com/classic/quest=1920,
1921,https://www.wowhead.com/classic/quest=1921,
193,https://www.wowhead.com/classic/quest=193,
1938,https://www.wowhead.com/classic/quest=1938,
194,https://www.wowhead.com/classic/quest=194,
1940,https://www.wowhead.com/classic/quest=1940,
1944,https://www.wowhead.com/classic/quest=1944,
1945,https://www.wowhead.com/classic/quest=1945,
1948,https://www.wowhead.com/classic/quest=1948,
195,https://www.wowhead.com/classic/quest=195,
1951,https://www.wowhead.com/classic/quest=1951,
1954,https://www.wowhead.com/classic/quest=1954,
1955,https://www.wowhead.com/classic/quest=1955,
1956,https://www.wowhead.com/classic/quest=1956,
1957,https://www.wowhead.com/classic/quest=1957,
196,https://www.wowhead.com/classic/quest=196,
1960,https://www.wowhead.com/classic/quest=1960,
1961,https://www.wowhead.com/classic/quest=1961,
1963,https://www.wowhead.com/classic/quest=1963,
197,https://www.wowhead.com/classic/quest=197,
1998,https://www.wowhead.com/classic/quest=1998,
1999,https://www.wowhead.com/classic/quest=1999,
20,https://www.wowhead.com/classic/quest=20,
201,https://www.wowhead.com/classic/quest=201,
202,https://www.wowhead.com/classic/quest=202,
203,https://www.wowhead.com/classic/quest=203,
2038,https://www.wowhead.com/classic/quest=2038,
204,https://www.wowhead.com/classic/quest=204,
2040,https://www.wowhead.com/classic/quest=2040,
20438,https://www.wowhead.com/wotlk/quest=20438,
20439,https://www.wowhead.com/wotlk/quest=20439,
205,https://www.wowhead.com/classic/quest=205,
206,https://www.wowhead.com/classic/quest=206,
207,https://www.wowhead.com/classic/quest=207,
2078,https://www.wowhead.com/classic/quest=2078,
208,https://www.wowhead.com/classic/quest=208,
209,https://www.wowhead.com/classic/quest=209,
2098,https://www.wowhead.com/classic/quest=2098,
21,https://www.wowhead.com/classic/quest=21,
211,https://www.wowhead.com/classic/quest=211,
2118,https://www.wowhead.com/classic/quest=2118,
212,https://www.wowhead.com/classic/quest=212,
213,https://www.wowhead.com/classic/quest=213,
2138,https://www.wowhead.com/classic/quest=2138,
2139,https://www.wowhead.com/classic/quest=2139,
214,https://www.wowhead.com/classic/quest=214,
216,https://www.wowhead.com/classic/quest=216,
217,https://www.wowhead.com/classic/quest=217,
2178,https://www.wowhead.com/classic/quest=2178,
218,https://www.wowhead.com/classic/quest=218,
2199,https://www.wowhead.com/classic/quest=2199,
22,https://www.wowhead.com/classic/quest=22,
2201,https://www.wowhead.com/classic/quest=2201,
2202,https://www.wowhead.com/classic/quest=2202,
2203,https://www.wowhead.com/classic/quest=2203,
2204,https://www.wowhead.com/classic/quest=2204,
2206,https://www.wowhead.com/classic/quest=2206,
221,https://www.wowhead.com/classic/quest=221,
222,https://www.wowhead.com/classic/quest=222,
224,https://www.wowhead.com/classic/quest=224,
2240,https://www.wowhead.com/classic/quest=2240,
2242,https://www.wowhead.com/classic/quest=2242,
2258,https://www.wowhead.com/classic/quest=2258,
226,https://www.wowhead.com/classic/quest=226,
228,https://www.wowhead.com/classic/quest=228,
2282,https://www.wowhead.com/classic/quest=2282,
2283,https://www.wowhead.com/classic/quest=2283,
2339,https://www.wowhead.com/classic/quest=2339,
2342,https://www.wowhead.com/classic/quest=2342,
2358,https://www.wowhead.com/classic/quest=2358,
2359,https://www.wowhead.com/classic/quest=2359,
236,https://www.wowhead.com/classic/quest=236,
237,https://www.wowhead.com/classic/quest=237,
2381,https://www.wowhead.com/classic/quest=2381,
2418,https://www.wowhead.com/classic/quest=2418,
2438,https://www.wowhead.com/classic/quest=2438,
24442,https://www.wowhead.com/wotlk/quest=24442,
24451,https://www.wowhead.com/wotlk/quest=24451,
24461,https://www.wowhead.com/wotlk/quest=24461,
24476,https://www.wowhead.com/wotlk/quest=24476,
24480,https://www.wowhead.com/wotlk/quest=24480,
24498,https://www.wowhead.com/wotlk/quest=24498,
24499,https://www.wowhead.com/wotlk/quest=24499,
245,https://www.wowhead.com/classic/quest=245,
24500,https://www.wowhead.com/wotlk/quest=24500,
24507,https://www.wowhead.com/wotlk/quest=24507,
24511,https://www.wowhead.com/wotlk/quest=24511,
24535,https://www.wowhead.com/wotlk/quest=24535,
24536,https://www.wowhead.com/wotlk/quest=24536,
24541,https://www.wowhead.com/wotlk/quest=24541,
24545,https://www.wowhead.com/wotlk/quest=24545,
24547,https://www.wowhead.com/wotlk/quest=24547,
24548,https://www.wowhead.com/wotlk/quest=24548,
24553,https://www.wowhead.com/wotlk/quest=24553,
24555,https://www.wowhead.com/wotlk/quest=24555,
24556,https://www.wowhead.com/wotlk/quest=24556,
24557,https://www.wowhead.com/wotlk/quest=24557,
24559,https://www.wowhead.com/wotlk/quest=24559,
24560,https://www.wowhead.com/wotlk/quest=24560,
24561,https://www.wowhead.com/wotlk/quest=24561,
24563,https://www.wowhead.com/wotlk/quest=24563,
24564,https://www.wowhead.com/wotlk/quest=24564,
24576,https://www.wowhead.com/wotlk/quest=24576,
24579,https://www.wowhead.com/wotlk/quest=24579,
24580,https://www.wowhead.com/wotlk/quest=24580,
24581,https://www.wowhead.com/wotlk/quest=24581,
24582,https://www.wowhead.com/wotlk/quest=24582,
24583,https://www.wowhead.com/wotlk/quest=24583,
24584,https://www.wowhead.com/wotlk/quest=24584,
24585,https://www.wowhead.com/wotlk/quest=24585,
24586,https://www.wowhead.com/wotlk/quest=24586,
24587,https://www.wowhead.com/wotlk/quest=24587,
24588,https://www.wowhead.com/wotlk/quest=24588,
24589,https://www.wowhead.com/wotlk/quest=24589,
2459,https://www.wowhead.com/classic/quest=2459,
24590,https://www.wowhead.com/wotlk/quest=24590,
24594,https://www.wowhead.com/wotlk/quest=24594,
24595,https://www.wowhead.com/wotlk/quest=24595,
24596,https://www.wowhead.com/wotlk/quest=24596,
24597,https://www.wowhead.com/wotlk/quest=24597,
24598,https://www.wowhead.com/wotlk/quest=24598,
246,https://www.wowhead.com/classic/quest=246,
24609,https://www.wowhead.com/wotlk/quest=24609,
24610,https://www.wowhead.com/wotlk/quest=24610,
24611,https://www.wowhead.com/wotlk/quest=24611,
24612,https://www.wowhead.com/wotlk/quest=24612,
24613,https://www.wowhead.com/wotlk/quest=24613,
24614,https://www.wowhead.com/wotlk/quest=24614,
24615,https://www.wowhead.com/wotlk/quest=24615,
24629,https://www.wowhead.com/wotlk/quest=24629,
24635,https://www.wowhead.com/wotlk/quest=24635,
24636,https://www.wowhead.com/wotlk/quest=24636,
24638,https://www.wowhead.com/wotlk/quest=24638,
24645,https://www.wowhead.com/wotlk/quest=24645,
24647,https://www.wowhead.com/wotlk/quest=24647,
24648,https://www.wowhead.com/wotlk/quest=24648,
24649,https://www.wowhead.com/wotlk/quest=24649,
24650,https://www.wowhead.com/wotlk/quest=24650,
24651,https://www.wowhead.com/wotlk/quest=24651,
24652,https://www.wowhead.com/wotlk/quest=24652,
24655,https://www.wowhead.com/wotlk/quest=24655,
24656,https://www.wowhead.com/wotlk/quest=24656,
24657,https://www.wowhead.com/wotlk/quest=24657,
24658,https://www.wowhead.com/wotlk/quest=24658,
24659,https://www.wowhead.com/wotlk/quest=24659,
24660,https://www.wowhead.com/wotlk/quest=24660,
24662,https://www.wowhead.com/wotlk/quest=24662,
24663,https://www.wowhead.com/wotlk/quest=24663,
24664,https://www.wowhead.com/wotlk/quest=24664,
24665,https://www.wowhead.com/wotlk/quest=24665,
24666,https://www.wowhead.com/wotlk/quest=24666,
24710,https://www.wowhead.com/wotlk/quest=24710,
24712,https://www.wowhead.com/wotlk/quest=24712,
24748,https://www.wowhead.com/wotlk/quest=24748,
2478,https://www.wowhead.com/classic/quest=2478,
24802,https://www.wowhead.com/wotlk/quest=24802,
24803,https://www.wowhead.com/wotlk/quest=24803,
24806,https://www.wowhead.com/wotlk/quest=24806,
24819,https://www.wowhead.com/wotlk/quest=24819,
24820,https://www.wowhead.com/wotlk/quest=24820,
24821,https://www.wowhead.com/wotlk/quest=24821,
24822,https://www.wowhead.com/wotlk/quest=24822,
24823,https://www.wowhead.com/wotlk/quest=24823,
24825,https://www.wowhead.com/wotlk/quest=24825,
24826,https://www.wowhead.com/wotlk/quest=24826,
24827,https://www.wowhead.com/wotlk/quest=24827,
24828,https://www.wowhead.com/wotlk/quest=24828,
24829,https://www.wowhead.com/wotlk/quest=24829,
24830,https://www.wowhead.com/wotlk/quest=24830,
24831,https://www.wowhead.com/wotlk/quest=24831,
24832,https://www.wowhead.com/wotlk/quest=24832,
24833,https://www.wowhead.com/wotlk/quest=24833,
24834,https://www.wowhead.com/wotlk/quest=24834,
24835,https://www.wowhead.com/wotlk/quest=24835,
24836,https://www.wowhead.com/wotlk/quest=24836,
24837,https://www.wowhead.com/wotlk/quest=24837,
24838,https://www.wowhead.com/wotlk/quest=24838,
24839,https://www.wowhead.com/wotlk/quest=24839,
24840,https://www.wowhead.com/wotlk/quest=24840,
24841,https://www.wowhead.com/wotlk/quest=24841,
24842,https://www.wowhead.com/wotlk/quest=24842,
24843,https://www.wowhead.com/wotlk/quest=24843,
24844,https://www.wowhead.com/wotlk/quest=24844,
24845,https://www.wowhead.com/wotlk/quest=24845,
24846,https://www.wowhead.com/wotlk/quest=24846,
24847,https://www.wowhead.com/wotlk/quest=24847,
24849,https://www.wowhead.com/wotlk/quest=24849,
24851,https://www.wowhead.com/wotlk/quest=24851,
24869,https://www.wowhead.com/wotlk/quest=24869,
24870,https://www.wowhead.com/wotlk/quest=24870,
24871,https://www.wowhead.com/wotlk/quest=24871,
24872,https://www.wowhead.com/wotlk/quest=24872,
24874,https://www.wowhead.com/wotlk/quest=24874,
24875,https://www.wowhead.com/wotlk/quest=24875,
24876,https://www.wowhead.com/wotlk/quest=24876,
24877,https://www.wowhead.com/wotlk/quest=24877,
24879,https://www.wowhead.com/wotlk/quest=24879,
24880,https://www.wowhead.com/wotlk/quest=24880,
249,https://www.wowhead.com/classic/quest=249,
24912,https://www.wowhead.com/wotlk/quest=24912,
24915,https://www.wowhead.com/wotlk/quest=24915,
24916,https://www.wowhead.com/wotlk/quest=24916,
24917,https://www.wowhead.com/wotlk/quest=24917,
24918,https://www.wowhead.com/wotlk/quest=24918,
24919,https://www.wowhead.com/wotlk/quest=24919,
2499,https://www.wowhead.com/classic/quest=2499,
25,https://www.wowhead.com/classic/quest=25,
2500,https://www.wowhead.com/classic/quest=2500,
2501,https://www.wowhead.com/classic/quest=2501,
2518,https://www.wowhead.com/classic/quest=2518,
25199,https://www.wowhead.com/wotlk/quest=25199,
2520,https://www.wowhead.com/classic/quest=2520,
2521,https://www.wowhead.com/classic/quest=2521,
25212,https://www.wowhead.com/wotlk/quest=25212,
2522,https://www.wowhead.com/classic/quest=2522,
2523,https://www.wowhead.com/classic/quest=2523,
25239,https://www.wowhead.com/wotlk/quest=25239,
25240,https://www.wowhead.com/wotlk/quest=25240,
25242,https://www.wowhead.com/wotlk/quest=25242,
25246,https://www.wowhead.com/wotlk/quest=25246,
25247,https://www.wowhead.com/wotlk/quest=25247,
25248,https://www.wowhead.com/wotlk/quest=25248,
25249,https://www.wowhead.com/wotlk/quest=25249,
25283,https://www.wowhead.com/wotlk/quest=25283,
253,https://www.wowhead.com/classic/quest=253,
2541,https://www.wowhead.com/classic/quest=2541,
255,https://www.wowhead.com/classic/quest=255,
256,https://www.wowhead.com/classic/quest=256,
257,https://www.wowhead.com/classic/quest=257,
258,https://www.wowhead.com/classic/quest=258,
2581,https://www.wowhead.com/classic/quest=2581,
2582,https://www.wowhead.com/classic/quest=2582,
2583,https://www.wowhead.com/classic/quest=2583,
2584,https://www.wowhead.com/classic/quest=2584,
2585,https://www.wowhead.com/classic/quest=2585,
2586,https://www.wowhead.com/classic/quest=2586,
2601,https://www.wowhead.com/classic/quest=2601,
2602,https://www.wowhead.com/classic/quest=2602,
2603,https://www.wowhead.com/classic/quest=2603,
26034,https://www.wowhead.com/wotlk/quest=26034,
2604,https://www.wowhead.com/classic/quest=2604,
2605,https://www.wowhead.com/classic/quest=2605,
2609,https://www.wowhead.com/classic/quest=2609,
261,https://www.wowhead.com/classic/quest=261,
2623,https://www.wowhead.com/classic/quest=2623,
263,https://www.wowhead.com/classic/quest=263,
2641,https://www.wowhead.com/classic/quest=2641,
267,https://www.wowhead.com/classic/quest=267,
2681,https://www.wowhead.com/classic/quest=2681,
271,https://www.wowhead.com/classic/quest=271,
272,https://www.wowhead.com/classic/quest=272,
2741,https://www.wowhead.com/classic/quest=2741,
2746,https://www.wowhead.com/classic/quest=2746,
2747,https://www.wowhead.com/classic/quest=2747,
2748,https://www.wowhead.com/classic/quest=2748,
2749,https://www.wowhead.com/classic/quest=2749,
275,https://www.wowhead.com/classic/quest=275,
2750,https://www.wowhead.com/classic/quest=2750,
2751,https://www.wowhead.com/classic/quest=2751,
2752,https://www.wowhead.com/classic/quest=2752,
2753,https://www.wowhead.com/classic/quest=2753,
2754,https://www.wowhead.com/classic/quest=2754,
2756,https://www.wowhead.com/classic/quest=2756,
2758,https://www.wowhead.com/classic/quest=2758,
276,https://www.wowhead.com/classic/quest=276,
2761,https://www.wowhead.com/classic/quest=2761,
2762,https://www.wowhead.com/classic/quest=2762,
2763,https://www.wowhead.com/classic/quest=2763,
2768,https://www.wowhead.com/classic/quest=2768,
277,https://www.wowhead.com/classic/quest=277,
2770,https://www.wowhead.com/classic/quest=2770,
2771,https://www.wowhead.com/classic/quest=2771,
2772,https://www.wowhead.com/classic/quest=2772,
2773,https://www.wowhead.com/classic/quest=2773,
278,https://www.wowhead.com/classic/quest=278,
2781,https://www.wowhead.com/classic/quest=2781,
279,https://www.wowhead.com/classic/quest=279,
2821,https://www.wowhead.com/classic/quest=2821,
2822,https://www.wowhead.com/classic/quest=2822,
2841,https://www.wowhead.com/classic/quest=2841,
2845,https://www.wowhead.com/classic/quest=2845,
2846,https://www.wowhead.com/classic/quest=2846,
2847,https://www.wowhead.com/classic/quest=2847,
2848,https://www.wowhead.com/classic/quest=2848,
2849,https://www.wowhead.com/classic/quest=2849,
2850,https://www.wowhead.com/classic/quest=2850,
2851,https://www.wowhead.com/classic/quest=2851,
2852,https://www.wowhead.com/classic/quest=2852,
2854,https://www.wowhead.com/classic/quest=2854,
2855,https://www.wowhead.com/classic/quest=2855,
2856,https://www.wowhead.com/classic/quest=2856,
2857,https://www.wowhead.com/classic/quest=2857,
2858,https://www.wowhead.com/classic/quest=2858,
2859,https://www.wowhead.com/classic/quest=2859,
2862,https://www.wowhead.com/classic/quest=2862,
2863,https://www.wowhead.com/classic/quest=2863,
2865,https://www.wowhead.com/classic/quest=2865,
2869,https://www.wowhead.com/classic/quest=2869,
287,https://www.wowhead.com/classic/quest=287,
2870,https://www.wowhead.com/classic/quest=2870,
2873,https://www.wowhead.com/classic/quest=2873,
2875,https://www.wowhead.com/classic/quest=2875,
2877,https://www.wowhead.com/classic/quest=2877,
2878,https://www.wowhead.com/classic/quest=2878,
2879,https://www.wowhead.com/classic/quest=2879,
288,https://www.wowhead.com/classic/quest=288,
2880,https://www.wowhead.com/classic/quest=2880,
2882,https://www.wowhead.com/classic/quest=2882,
289,https://www.wowhead.com/classic/quest=289,
290,https://www.wowhead.com/classic/quest=290,
2922,https://www.wowhead.com/classic/quest=2922,
2924,https://www.wowhead.com/classic/quest=2924,
2926,https://www.wowhead.com/classic/quest=2926,
2928,https://www.wowhead.com/classic/quest=2928,
2929,https://www.wowhead.com/classic/quest=2929,
2930,https://www.wowhead.com/classic/quest=2930,
2934,https://www.wowhead.com/classic/quest=2934,
2937,https://www.wowhead.com/classic/quest=2937,
294,https://www.wowhead.com/classic/quest=294,
2942,https://www.wowhead.com/classic/quest=2942,
2944,https://www.wowhead.com/classic/quest=2944,
2948,https://www.wowhead.com/classic/quest=2948,
295,https://www.wowhead.com/classic/quest=295,
2950,https://www.wowhead.com/classic/quest=2950,
2951,https://www.wowhead.com/classic/quest=2951,
2953,https://www.wowhead.com/classic/quest=2953,
296,https://www.wowhead.com/classic/quest=296,
2962,https://www.wowhead.com/classic/quest=2962,
297,https://www.wowhead.com/classic/quest=297,
2970,https://www.wowhead.com/classic/quest=2970,
2973,https://www.wowhead.com/classic/quest=2973,
2974,https://www.wowhead.com/classic/quest=2974,
2975,https://www.wowhead.com/classic/quest=2975,
2979,https://www.wowhead.com/classic/quest=2979,
2980,https://www.wowhead.com/classic/quest=2980,
2982,https://www.wowhead.com/classic/quest=2982,
2987,https://www.wowhead.com/classic/quest=2987,
2988,https://www.wowhead.com/classic/quest=2988,
2989,https://www.wowhead.com/classic/quest=2989,
299,https://www.wowhead.com/classic/quest=299,
2991,https://www.wowhead.com/classic/quest=2991,
2994,https://www.wowhead.com/classic/quest=2994,
2995,https://www.wowhead.com/classic/quest=2995,
30,https://www.wowhead.com/classic/quest=30,
303,https://www.wowhead.com/classic/quest=303,
304,https://www.wowhead.com/classic/quest=304,
3042,https://www.wowhead.com/classic/quest=3042,
3062,https://www.wowhead.com/classic/quest=3062,
3063,https://www.wowhead.com/classic/quest=3063,
307,https://www.wowhead.com/classic/quest=307,
308,https://www.wowhead.com/classic/quest=308,
312,https://www.wowhead.com/classic/quest=312,
3123,https://www.wowhead.com/classic/quest=3123,
3124,https://www.wowhead.com/classic/quest=3124,
3125,https://www.wowhead.com/classic/quest=3125,
3126,https://www.wowhead.com/classic/quest=3126,
3127,https://www.wowhead.com/classic/quest=3127,
3128,https://www.wowhead.com/classic/quest=3128,
313,https://www.wowhead.com/classic/quest=313,
314,https://www.wowhead.com/classic/quest=314,
315,https://www.wowhead.com/classic/quest=315,
3161,https://www.wowhead.com/classic/quest=3161,
317,https://www.wowhead.com/classic/quest=317,
319,https://www.wowhead.com/classic/quest=319,
323,https://www.wowhead.com/classic/quest=323,
324,https://www.wowhead.com/classic/quest=324,
3281,https://www.wowhead.com/classic/quest=3281,
33,https://www.wowhead.com/classic/quest=33,
3341,https://www.wowhead.com/classic/quest=3341,
335,https://www.wowhead.com/classic/quest=335,
3361,https://www.wowhead.com/classic/quest=3361,
3362,https://www.wowhead.com/classic/quest=3362,
3363,https://www.wowhead.com/classic/quest=3363,
3372,https://www.wowhead.com/classic/quest=3372,
3374,https://www.wowhead.com/classic/quest=3374,
3375,https://www.wowhead.com/classic/quest=3375,
3376,https://www.wowhead.com/classic/quest=3376,
3378,https://www.wowhead.com/classic/quest=3378,
3379,https://www.wowhead.com/classic/quest=3379,
338,https://www.wowhead.com/classic/quest=338,
3385,https://www.wowhead.com/classic/quest=3385,
339,https://www.wowhead.com/classic/quest=339,
34,https://www.wowhead.com/classic/quest=34,
340,https://www.wowhead.com/classic/quest=340,
341,https://www.wowhead.com/classic/quest=341,
342,https://www.wowhead.com/classic/quest=342,
3442,https://www.wowhead.com/classic/quest=3442,
3443,https://www.wowhead.com/classic/quest=3443,
3444,https://www.wowhead.com/classic/quest=3444,
3449,https://www.wowhead.com/classic/quest=3449,
3452,https://www.wowhead.com/classic/quest=3452,
3463,https://www.wowhead.com/classic/quest=3463,
347,https://www.wowhead.com/classic/quest=347,
348,https://www.wowhead.com/classic/quest=348,
349,https://www.wowhead.com/classic/quest=349,
3501,https://www.wowhead.com/classic/quest=3501,
3502,https://www.wowhead.com/classic/quest=3502,
3505,https://www.wowhead.com/classic/quest=3505,
3506,https://www.wowhead.com/classic/quest=3506,
3510,https://www.wowhead.com/classic/quest=3510,
3514,https://www.wowhead.com/classic/quest=3514,
3517,https://www.wowhead.com/classic/quest=3517,
3520,https://www.wowhead.com/classic/quest=3520,
3521,https://www.wowhead.com/classic/quest=3521,
3524,https://www.wowhead.com/classic/quest=3524,
3527,https://www.wowhead.com/classic/quest=3527,
3528,https://www.wowhead.com/classic/quest=3528,
354,https://www.wowhead.com/classic/quest=354,
356,https://www.wowhead.com/classic/quest=356,
3566,https://www.wowhead.com/classic/quest=3566,
3568,https://www.wowhead.com/classic/quest=3568,
357,https://www.wowhead.com/classic/quest=357,
358,https://www.wowhead.com/classic/quest=358,
3601,https://www.wowhead.com/classic/quest=3601,
3602,https://www.wowhead.com/classic/quest=3602,
362,https://www.wowhead.com/classic/quest=362,
3627,https://www.wowhead.com/classic/quest=3627,
3628,https://www.wowhead.com/classic/quest=3628,
3636,https://www.wowhead.com/classic/quest=3636,
3639,https://www.wowhead.com/classic/quest=3639,
364,https://www.wowhead.com/classic/quest=364,
3641,https://www.wowhead.com/classic/quest=3641,
3643,https://www.wowhead.com/classic/quest=3643,
365,https://www.wowhead.com/classic/quest=365,
3661,https://www.wowhead.com/classic/quest=3661,
367,https://www.wowhead.com/classic/quest=367,
368,https://www.wowhead.com/classic/quest=368,
369,https://www.wowhead.com/classic/quest=369,
370,https://www.wowhead.com/classic/quest=370,
3701,https://www.wowhead.com/classic/quest=3701,
371,https://www.wowhead.com/classic/quest=371,
372,https://www.wowhead.com/classic/quest=372,
374,https://www.wowhead.com/classic/quest=374,
3741,https://www.wowhead.com/classic/quest=3741,
375,https://www.wowhead.com/classic/quest=375,
376,https://www.wowhead.com/classic/quest=376,
3761,https://www.wowhead.com/classic/quest=3761,
3764,https://www.wowhead.com/classic/quest=3764,
377,https://www.wowhead.com/classic/quest=377,
378,https://www.wowhead.com/classic/quest=378,
3783,https://www.wowhead.com/classic/quest=3783,
3785,https://www.wowhead.com/classic/quest=3785,
3786,https://www.wowhead.com/classic/quest=3786,
379,https://www.wowhead.com/classic/quest=379,
3791,https://www.wowhead.com/classic/quest=3791,
3792,https://www.wowhead.com/classic/quest=3792,
38,https://www.wowhead.com/classic/quest=38,
380,https://www.wowhead.com/classic/quest=380,
3802,https://www.wowhead.com/classic/quest=3802,
3803,https://www.wowhead.com/classic/quest=3803,
3804,https://www.wowhead.com/classic/quest=3804,
381,https://www.wowhead.com/classic/quest=381,
382,https://www.wowhead.com/classic/quest=382,
3822,https://www.wowhead.com/classic/quest=3822,
3823,https://www.wowhead.com/classic/quest=3823,
3824,https://www.wowhead.com/classic/quest=3824,
3825,https://www.wowhead.com/classic/quest=3825,
384,https://www.wowhead.com/classic/quest=384,
3842,https://www.wowhead.com/classic/quest=3842,
3845,https://www.wowhead.com/classic/quest=3845,
385,https://www.wowhead.com/classic/quest=385,
386,https://www.wowhead.com/classic/quest=386,
3861,https://www.wowhead.com/classic/quest=3861,
387,https://www.wowhead.com/classic/quest=387,
388,https://www.wowhead.com/classic/quest=388,
3881,https://www.wowhead.com/classic/quest=3881,
3882,https://www.wowhead.com/classic/quest=3882,
3883,https://www.wowhead.com/classic/quest=3883,
3901,https://www.wowhead.com/classic/quest=3901,
3902,https://www.wowhead.com/classic/quest=3902,
3904,https://www.wowhead.com/classic/quest=3904,
3906,https://www.wowhead.com/classic/quest=3906,
3907,https://www.wowhead.com/classic/quest=3907,
3909,https://www.wowhead.com/classic/quest=3909,
391,https://www.wowhead.com/classic/quest=391,
3922,https://www.wowhead.com/classic/quest=3922,
3924,https://www.wowhead.com/classic/quest=3924,
3962,https://www.wowhead.com/classic/quest=3962,
398,https://www.wowhead.com/classic/quest=398,
399,https://www.wowhead.com/classic/quest=399,
4003,https://www.wowhead.com/classic/quest=4003,
4005,https://www.wowhead.com/classic/quest=4005,
4021,https://www.wowhead.com/classic/quest=4021,
4022,https://www.wowhead.com/classic/quest=4022,
4023,https://www.wowhead.com/classic/quest=4023,
4024,https://www.wowhead.com/classic/quest=4024,
404,https://www.wowhead.com/classic/quest=404,
4041,https://www.wowhead.com/classic/quest=4041,
4061,https://www.wowhead.com/classic/quest=4061,
4063,https://www.wowhead.com/classic/quest=4063,
408,https://www.wowhead.com/classic/quest=408,
4081,https://www.wowhead.com/classic/quest=4081,
4082,https://www.wowhead.com/classic/quest=4082,
4083,https://www.wowhead.com/classic/quest=4083,
4084,https://www.wowhead.com/classic/quest=4084,
409,https://www.wowhead.com/classic/quest=409,
410,https://www.wowhead.com/classic/quest=410,
4101,https://www.wowhead.com/classic/quest=4101,
4102,https://www.wowhead.com/classic/quest=4102,
4103,https://www.wowhead.com/classic/quest=4103,
4104,https://www.wowhead.com/classic/quest=4104,
4105,https://www.wowhead.com/classic/quest=4105,
4106,https://www.wowhead.com/classic/quest=4106,
4107,https://www.wowhead.com/classic/quest=4107,
4108,https://www.wowhead.com/classic/quest=4108,
4109,https://www.wowhead.com/classic/quest=4109,
4110,https://www.wowhead.com/classic/quest=4110,
4111,https://www.wowhead.com/classic/quest=4111,
4112,https://www.wowhead.com/classic/quest=4112,
4113,https://www.wowhead.com/classic/quest=4113,
4114,https://www.wowhead.com/classic/quest=4114,
4115,https://www.wowhead.com/classic/quest=4115,
4116,https://www.wowhead.com/classic/quest=4116,
4117,https://www.wowhead.com/classic/quest=4117,
4118,https://www.wowhead.com/classic/quest=4118,
4119,https://www.wowhead.com/classic/quest=4119,
412,https://www.wowhead.com/classic/quest=412,
4120,https://www.wowhead.com/classic/quest=4120,
4121,https://www.wowhead.com/classic/quest=4121,
4123,https://www.wowhead.com/classic/quest=4123,
4126,https://www.wowhead.com/classic/quest=4126,
4132,https://www.wowhead.com/classic/quest=4132,
4134,https://www.wowhead.com/classic/quest=4134,
4136,https://www.wowhead.com/classic/quest=4136,
4141,https://www.wowhead.com/classic/quest=4141,
4143,https://www.wowhead.com/classic/quest=4143,
4144,https://www.wowhead.com/classic/quest=4144,
4145,https://www.wowhead.com/classic/quest=4145,
4146,https://www.wowhead.com/classic/quest=4146,
4148,https://www.wowhead.com/classic/quest=4148,
416,https://www.wowhead.com/classic/quest=416,
4161,https://www.wowhead.com/classic/quest=4161,
417,https://www.wowhead.com/classic/quest=417,
418,https://www.wowhead.com/classic/quest=418,
4201,https://www.wowhead.com/classic/quest=4201,
421,https://www.wowhead.com/classic/quest=421,
422,https://www.wowhead.com/classic/quest=422,
4221,https://www.wowhead.com/classic/quest=4221,
4222,https://www.wowhead.com/classic/quest=4222,
423,https://www.wowhead.com/classic/quest=423,
424,https://www.wowhead.com/classic/quest=424,
4244,https://www.wowhead.com/classic/quest=4244,
425,https://www.wowhead.com/classic/quest=425,
426,https://www.wowhead.com/classic/quest=426,
4262,https://www.wowhead.com/classic/quest=4262,
4263,https://www.wowhead.com/classic/quest=4263,
427,https://www.wowhead.com/classic/quest=427,
4283,https://www.wowhead.com/classic/quest=4283,
4284,https://www.wowhead.com/classic/quest=4284,
4286,https://www.wowhead.com/classic/quest=4286,
4289,https://www.wowhead.com/classic/quest=4289,
429,https://www.wowhead.com/classic/quest=429,
4290,https://www.wowhead.com/classic/quest=4290,
4291,https://www.wowhead.com/classic/quest=4291,
4292,https://www.wowhead.com/classic/quest=4292,
4293,https://www.wowhead.com/classic/quest=4293,
4294,https://www.wowhead.com/classic/quest=4294,
4295,https://www.wowhead.com/classic/quest=4295,
4296,https://www.wowhead.com/classic/quest=4296,
4297,https://www.wowhead.com/classic/quest=4297,
4300,https://www.wowhead.com/classic/quest=4300,
4301,https://www.wowhead.com/classic/quest=4301,
432,https://www.wowhead.com/classic/quest=432,
433,https://www.wowhead.com/classic/quest=433,
434,https://www.wowhead.com/classic/quest=434,
4343,https://www.wowhead.com/classic/quest=4343,
4362,https://www.wowhead.com/classic/quest=4362,
437,https://www.wowhead.com/classic/quest=437,
4381,https://www.wowhead.com/classic/quest=4381,
4382,https://www.wowhead.com/classic/quest=4382,
4383,https://www.wowhead.com/classic/quest=4383,
4384,https://www.wowhead.com/classic/quest=4384,
4385,https://www.wowhead.com/classic/quest=4385,
4386,https://www.wowhead.com/classic/quest=4386,
4401,https://www.wowhead.com/classic/quest=4401,
4402,https://www.wowhead.com/classic/quest=4402,
4403,https://www.wowhead.com/classic/quest=4403,
442,https://www.wowhead.com/classic/quest=442,
4421,https://www.wowhead.com/classic/quest=4421,
443,https://www.wowhead.com/classic/quest=443,
4441,https://www.wowhead.com/classic/quest=4441,
4443,https://www.wowhead.com/classic/quest=4443,
4444,https://www.wowhead.com/classic/quest=4444,
4445,https://www.wowhead.com/classic/quest=4445,
4446,https://www.wowhead.com/classic/quest=4446,
4447,https://www.wowhead.com/classic/quest=4447,
4448,https://www.wowhead.com/classic/quest=4448,
4449,https://www.wowhead.com/classic/quest=4449,
4450,https://www.wowhead.com/classic/quest=4450,
4461,https://www.wowhead.com/classic/quest=4461,
4462,https://www.wowhead.com/classic/quest=4462,
4463,https://www.wowhead.com/classic/quest=4463,
4464,https://www.wowhead.com/classic/quest=4464,
4465,https://www.wowhead.com/classic/quest=4465,
4466,https://www.wowhead.com/classic/quest=4466,
4467,https://www.wowhead.com/classic/quest=4467,
447,https://www.wowhead.com/classic/quest=447,
4481,https://www.wowhead.com/classic/quest=4481,
4482,https://www.wowhead.com/classic/quest=4482,
4483,https://www.wowhead.com/classic/quest=4483,
4484,https://www.wowhead.com/classic/quest=4484,
4496,https://www.wowhead.com/classic/quest=4496,
450,https://www.wowhead.com/classic/quest=450,
4501,https://www.wowhead.com/classic/quest=4501,
4502,https://www.wowhead.com/classic/quest=4502,
4503,https://www.wowhead.com/classic/quest=4503,
4504,https://www.wowhead.com/classic/quest=4504,
4505,https://www.wowhead.com/classic/quest=4505,
4506,https://www.wowhead.com/classic/quest=4506,
4507,https://www.wowhead.com/classic/quest=4507,
451,https://www.wowhead.com/classic/quest=451,
4512,https://www.wowhead.com/classic/quest=4512,
4513,https://www.wowhead.com/classic/quest=4513,
4521,https://www.wowhead.com/classic/quest=4521,
455,https://www.wowhead.com/classic/quest=455,
456,https://www.wowhead.com/classic/quest=456,
4561,https://www.wowhead.com/classic/quest=4561,
457,https://www.wowhead.com/classic/quest=457,
459,https://www.wowhead.com/classic/quest=459,
46,https://www.wowhead.com/classic/quest=46,
4601,https://www.wowhead.com/classic/quest=4601,
4602,https://www.wowhead.com/classic/quest=4602,
4603,https://www.wowhead.com/classic/quest=4603,
4604,https://www.wowhead.com/classic/quest=4604,
4621,https://www.wowhead.com/classic/quest=4621,
464,https://www.wowhead.com/classic/quest=464,
4642,https://www.wowhead.com/classic/quest=4642,
466,https://www.wowhead.com/classic/quest=466,
4661,https://www.wowhead.com/classic/quest=4661,
4681,https://www.wowhead.com/classic/quest=4681,
47,https://www.wowhead.com/classic/quest=47,
470,https://www.wowhead.com/classic/quest=470,
4701,https://www.wowhead.com/classic/quest=4701,
471,https://www.wowhead.com/classic/quest=471,
4721,https://www.wowhead.com/classic/quest=4721,
4724,https://www.wowhead.com/classic/quest=4724,
4726,https://www.wowhead.com/classic/quest=4726,
4729,https://www.wowhead.com/classic/quest=4729,
4735,https://www.wowhead.com/classic/quest=4735,
474,https://www.wowhead.com/classic/quest=474,
4740,https://www.wowhead.com/classic/quest=4740,
4741,https://www.wowhead.com/classic/quest=4741,
4742,https://www.wowhead.com/classic/quest=4742,
4743,https://www.wowhead.com/classic/quest=4743,
4762,https://www.wowhead.com/classic/quest=4762,
4763,https://www.wowhead.com/classic/quest=4763,
4764,https://www.wowhead.com/classic/quest=4764,
4767,https://www.wowhead.com/classic/quest=4767,
4768,https://www.wowhead.com/classic/quest=4768,
4771,https://www.wowhead.com/classic/quest=4771,
4781,https://www.wowhead.com/classic/quest=4781,
4783,https://www.wowhead.com/classic/quest=4783,
4784,https://www.wowhead.com/classic/quest=4784,
4787,https://www.wowhead.com/classic/quest=4787,
4788,https://www.wowhead.com/classic/quest=4788,
479,https://www.wowhead.com/classic/quest=479,
48,https://www.wowhead.com/classic/quest=48,
480,https://www.wowhead.com/classic/quest=480,
4801,https://www.wowhead.com/classic/quest=4801,
4802,https://www.wowhead.com/classic/quest=4802,
4803,https://www.wowhead.com/classic/quest=4803,
4804,https://www.wowhead.com/classic/quest=4804,
4805,https://www.wowhead.com/classic/quest=4805,
4806,https://www.wowhead.com/classic/quest=4806,
4807,https://www.wowhead.com/classic/quest=4807,
4809,https://www.wowhead.com/classic/quest=4809,
4811,https://www.wowhead.com/classic/quest=4811,
4812,https://www.wowhead.com/classic/quest=4812,
4821,https://www.wowhead.com/classic/quest=4821,
483,https://www.wowhead.com/classic/quest=483,
484,https://www.wowhead.com/classic/quest=484,
4841,https://www.wowhead.com/classic/quest=4841,
4842,https://www.wowhead.com/classic/quest=4842,
486,https://www.wowhead.com/classic/quest=486,
4862,https://www.wowhead.com/classic/quest=4862,
4864,https://www.wowhead.com/classic/quest=4864,
4867,https://www.wowhead.com/classic/quest=4867,
487,https://www.wowhead.com/classic/quest=487,
488,https://www.wowhead.com/classic/quest=488,
489,https://www.wowhead.com/classic/quest=489,
49,https://www.wowhead.com/classic/quest=49,
4903,https://www.wowhead.com/classic/quest=4903,
4906,https://www.wowhead.com/classic/quest=4906,
4921,https://www.wowhead.com/classic/quest=4921,
496,https://www.wowhead.com/classic/quest=496,
4961,https://www.wowhead.com/classic/quest=4961,
4962,https://www.wowhead.com/classic/quest=4962,
4963,https://www.wowhead.com/classic/quest=4963,
4970,https://www.wowhead.com/classic/quest=4970,
4971,https://www.wowhead.com/classic/quest=4971,
4972,https://www.wowhead.com/classic/quest=4972,
4973,https://www.wowhead.com/classic/quest=4973,
4974,https://www.wowhead.com/classic/quest=4974,
498,https://www.wowhead.com/classic/quest=498,
4982,https://www.wowhead.com/classic/quest=4982,
4984,https://www.wowhead.com/classic/quest=4984,
4985,https://www.wowhead.com/classic/quest=4985,
50,https://www.wowhead.com/classic/quest=50,
500,https://www.wowhead.com/classic/quest=500,
5001,https://www.wowhead.com/classic/quest=5001,
501,https://www.wowhead.com/classic/quest=501,
503,https://www.wowhead.com/classic/quest=503,
504,https://www.wowhead.com/classic/quest=504,
5041,https://www.wowhead.com/classic/quest=5041,
5042,https://www.wowhead.com/classic/quest=5042,
5043,https://www.wowhead.com/classic/quest=5043,
5044,https://www.wowhead.com/classic/quest=5044,
5045,https://www.wowhead.com/classic/quest=5045,
5046,https://www.wowhead.com/classic/quest=5046,
505,https://www.wowhead.com/classic/quest=505,
5051,https://www.wowhead.com/classic/quest=5051,
5052,https://www.wowhead.com/classic/quest=5052,
5054,https://www.wowhead.com/classic/quest=5054,
5055,https://www.wowhead.com/classic/quest=5055,
5056,https://www.wowhead.com/classic/quest=5056,
5059,https://www.wowhead.com/classic/quest=5059,
5060,https://www.wowhead.com/classic/quest=5060,
5062,https://www.wowhead.com/classic/quest=5062,
5063,https://www.wowhead.com/classic/quest=5063,
5064,https://www.wowhead.com/classic/quest=5064,
5065,https://www.wowhead.com/classic/quest=5065,
5067,https://www.wowhead.com/classic/quest=5067,
5068,https://www.wowhead.com/classic/quest=5068,
507,https://www.wowhead.com/classic/quest=507,
5081,https://www.wowhead.com/classic/quest=5081,
5082,https://www.wowhead.com/classic/quest=5082,
5086,https://www.wowhead.com/classic/quest=5086,
5087,https://www.wowhead.com/classic/quest=5087,
5088,https://www.wowhead.com/classic/quest=5088,
509,https://www.wowhead.com/classic/quest=509,
5092,https://www.wowhead.com/classic/quest=5092,
5096,https://www.wowhead.com/classic/quest=5096,
5097,https://www.wowhead.com/classic/quest=5097,
5098,https://www.wowhead.com/classic/quest=5098,
51,https://www.wowhead.com/classic/quest=51,
5102,https://www.wowhead.com/classic/quest=5102,
512,https://www.wowhead.com/classic/quest=512,
5121,https://www.wowhead.com/classic/quest=5121,
5122,https://www.wowhead.com/classic/quest=5122,
5124,https://www.wowhead.com/classic/quest=5124,
5127,https://www.wowhead.com/classic/quest=5127,
5141,https://www.wowhead.com/classic/quest=5141,
5143,https://www.wowhead.com/classic/quest=5143,
5144,https://www.wowhead.com/classic/quest=5144,
5145,https://www.wowhead.com/classic/quest=5145,
5146,https://www.wowhead.com/classic/quest=5146,
5147,https://www.wowhead.com/classic/quest=5147,
5148,https://www.wowhead.com/classic/quest=5148,
5149,https://www.wowhead.com/classic/quest=5149,
515,https://www.wowhead.com/classic/quest=515,
5150,https://www.wowhead.com/classic/quest=5150,
5151,https://www.wowhead.com/classic/quest=5151,
5153,https://www.wowhead.com/classic/quest=5153,
5154,https://www.wowhead.com/classic/quest=5154,
5155,https://www.wowhead.com/classic/quest=5155,
5156,https://www.wowhead.com/classic/quest=5156,
5157,https://www.wowhead.com/classic/quest=5157,
516,https://www.wowhead.com/classic/quest=516,
5163,https://www.wowhead.com/classic/quest=5163,
5165,https://www.wowhead.com/classic/quest=5165,
5166,https://www.wowhead.com/classic/quest=5166,
5167,https://www.wowhead.com/classic/quest=5167,
5168,https://www.wowhead.com/classic/quest=5168,
517,https://www.wowhead.com/classic/quest=517,
518,https://www.wowhead.com/classic/quest=518,
5181,https://www.wowhead.com/classic/quest=5181,
519,https://www.wowhead.com/classic/quest=519,
52,https://www.wowhead.com/classic/quest=52,
520,https://www.wowhead.com/classic/quest=520,
5201,https://www.wowhead.com/classic/quest=5201,
5204,https://www.wowhead.com/classic/quest=5204,
5206,https://www.wowhead.com/classic/quest=5206,
5211,https://www.wowhead.com/classic/quest=5211,
5212,https://www.wowhead.com/classic/quest=5212,
5213,https://www.wowhead.com/classic/quest=5213,
5214,https://www.wowhead.com/classic/quest=5214,
5216,https://www.wowhead.com/classic/quest=5216,
5218,https://www.wowhead.com/classic/quest=5218,
5219,https://www.wowhead.com/classic/quest=5219,
5221,https://www.wowhead.com/classic/quest=5221,
5222,https://www.wowhead.com/classic/quest=5222,
5224,https://www.wowhead.com/classic/quest=5224,
5225,https://www.wowhead.com/classic/quest=5225,
5227,https://www.wowhead.com/classic/quest=5227,
5229,https://www.wowhead.com/classic/quest=5229,
523,https://www.wowhead.com/classic/quest=523,
5231,https://www.wowhead.com/classic/quest=5231,
5233,https://www.wowhead.com/classic/quest=5233,
5235,https://www.wowhead.com/classic/quest=5235,
5242,https://www.wowhead.com/classic/quest=5242,
5243,https://www.wowhead.com/classic/quest=5243,
5245,https://www.wowhead.com/classic/quest=5245,
5246,https://www.wowhead.com/classic/quest=5246,
5247,https://www.wowhead.com/classic/quest=5247,
5251,https://www.wowhead.com/classic/quest=5251,
526,https://www.wowhead.com/classic/quest=526,
5263,https://www.wowhead.com/classic/quest=5263,
527,https://www.wowhead.com/classic/quest=527,
528,https://www.wowhead.com/classic/quest=528,
5282,https://www.wowhead.com/classic/quest=5282,
5283,https://www.wowhead.com/classic/quest=5283,
5284,https://www.wowhead.com/classic/quest=5284,
529,https://www.wowhead.com/classic/quest=529,
53,https://www.wowhead.com/classic/quest=53,
530,https://www.wowhead.com/classic/quest=530,
5301,https://www.wowhead.com/classic/quest=5301,
5302,https://www.wowhead.com/classic/quest=5302,
5305,https://www.wowhead.com/classic/quest=5305,
5306,https://www.wowhead.com/classic/quest=5306,
5307,https://www.wowhead.com/classic/quest=5307,
532,https://www.wowhead.com/classic/quest=532,
5321,https://www.wowhead.com/classic/quest=5321,
533,https://www.wowhead.com/classic/quest=533,
5341,https://www.wowhead.com/classic/quest=5341,
5342,https://www.wowhead.com/classic/quest=5342,
5343,https://www.wowhead.com/classic/quest=5343,
5344,https://www.wowhead.com/classic/quest=5344,
535,https://www.wowhead.com/classic/quest=535,
536,https://www.wowhead.com/classic/quest=536,
537,https://www.wowhead.com/classic/quest=537,
5381,https://www.wowhead.com/classic/quest=5381,
5382,https://www.wowhead.com/classic/quest=5382,
5384,https://www.wowhead.com/classic/quest=5384,
5386,https://www.wowhead.com/classic/quest=5386,
539,https://www.wowhead.com/classic/quest=539,
540,https://www.wowhead.com/classic/quest=540,
5402,https://www.wowhead.com/classic/quest=5402,
5403,https://www.wowhead.com/classic/quest=5403,
5404,https://www.wowhead.com/classic/quest=5404,
5406,https://www.wowhead.com/classic/quest=5406,
5407,https://www.wowhead.com/classic/quest=5407,
5408,https://www.wowhead.com/classic/quest=5408,
541,https://www.wowhead.com/classic/quest=541,
5421,https://www.wowhead.com/classic/quest=5421,
543,https://www.wowhead.com/classic/quest=543,
544,https://www.wowhead.com/classic/quest=544,
5441,https://www.wowhead.com/classic/quest=5441,
545,https://www.wowhead.com/classic/quest=545,
546,https://www.wowhead.com/classic/quest=546,
5461,https://www.wowhead.com/classic/quest=5461,
5466,https://www.wowhead.com/classic/quest=5466,
547,https://www.wowhead.com/classic/quest=547,
5481,https://www.wowhead.com/classic/quest=5481,
5482,https://www.wowhead.com/classic/quest=5482,
549,https://www.wowhead.com/classic/quest=549,
55,https://www.wowhead.com/classic/quest=55,
5501,https://www.wowhead.com/classic/quest=5501,
5504,https://www.wowhead.com/classic/quest=5504,
5507,https://www.wowhead.com/classic/quest=5507,
5508,https://www.wowhead.com/classic/quest=5508,
5509,https://www.wowhead.com/classic/quest=5509,
5510,https://www.wowhead.com/classic/quest=5510,
5513,https://www.wowhead.com/classic/quest=5513,
5515,https://www.wowhead.com/classic/quest=5515,
5517,https://www.wowhead.com/classic/quest=5517,
5518,https://www.wowhead.com/classic/quest=5518,
5519,https://www.wowhead.com/classic/quest=5519,
552,https://www.wowhead.com/classic/quest=552,
5521,https://www.wowhead.com/classic/quest=5521,
5524,https://www.wowhead.com/classic/quest=5524,
5525,https://www.wowhead.com/classic/quest=5525,
5526,https://www.wowhead.com/classic/quest=5526,
5527,https://www.wowhead.com/classic/quest=5527,
5529,https://www.wowhead.com/classic/quest=5529,
553,https://www.wowhead.com/classic/quest=553,
5534,https://www.wowhead.com/classic/quest=5534,
5535,https://www.wowhead.com/classic/quest=5535,
5536,https://www.wowhead.com/classic/quest=5536,
5537,https://www.wowhead.com/classic/quest=5537,
5541,https://www.wowhead.com/classic/quest=5541,
5542,https://www.wowhead.com/classic/quest=5542,
5543,https://www.wowhead.com/classic/quest=5543,
5544,https://www.wowhead.com/classic/quest=5544,
5545,https://www.wowhead.com/classic/quest=5545,
555,https://www.wowhead.com/classic/quest=555,
556,https://www.wowhead.com/classic/quest=556,
5561,https://www.wowhead.com/classic/quest=5561,
557,https://www.wowhead.com/classic/quest=557,
5581,https://www.wowhead.com/classic/quest=5581,
559,https://www.wowhead.com/classic/quest=559,
56,https://www.wowhead.com/classic/quest=56,
562,https://www.wowhead.com/classic/quest=562,
5621,https://www.wowhead.com/classic/quest=5621,
5624,https://www.wowhead.com/classic/quest=5624,
5625,https://www.wowhead.com/classic/quest=5625,
564,https://www.wowhead.com/classic/quest=564,
5648,https://www.wowhead.com/classic/quest=5648,
565,https://www.wowhead.com/classic/quest=565,
5650,https://www.wowhead.com/classic/quest=5650,
566,https://www.wowhead.com/classic/quest=566,
567,https://www.wowhead.com/classic/quest=567,
568,https://www.wowhead.com/classic/quest=568,
569,https://www.wowhead.com/classic/quest=569,
57,https://www.wowhead.com/classic/quest=57,
570,https://www.wowhead.com/classic/quest=570,
571,https://www.wowhead.com/classic/quest=571,
572,https://www.wowhead.com/classic/quest=572,
5721,https://www.wowhead.com/classic/quest=5721,
5723,https://www.wowhead.com/classic/quest=5723,
5725,https://www.wowhead.com/classic/quest=5725,
5726,https://www.wowhead.com/classic/quest=5726,
5728,https://www.wowhead.com/classic/quest=5728,
573,https://www.wowhead.com/classic/quest=573,
574,https://www.wowhead.com/classic/quest=574,
5741,https://www.wowhead.com/classic/quest=5741,
575,https://www.wowhead.com/classic/quest=575,
576,https://www.wowhead.com/classic/quest=576,
5761,https://www.wowhead.com/classic/quest=5761,
577,https://www.wowhead.com/classic/quest=577,
578,https://www.wowhead.com/classic/quest=578,
5781,https://www.wowhead.com/classic/quest=5781,
579,https://www.wowhead.com/classic/quest=579,
58,https://www.wowhead.com/classic/quest=58,
580,https://www.wowhead.com/classic/quest=580,
5801,https://www.wowhead.com/classic/quest=5801,
5802,https://www.wowhead.com/classic/quest=5802,
5803,https://www.wowhead.com/classic/quest=5803,
5804,https://www.wowhead.com/classic/quest=5804,
581,https://www.wowhead.com/classic/quest=581,
582,https://www.wowhead.com/classic/quest=582,
584,https://www.wowhead.com/classic/quest=584,
5845,https://www.wowhead.com/classic/quest=5845,
5848,https://www.wowhead.com/classic/quest=5848,
585,https://www.wowhead.com/classic/quest=585,
586,https://www.wowhead.com/classic/quest=586,
5863,https://www.wowhead.com/classic/quest=5863,
587,https://www.wowhead.com/classic/quest=587,
5882,https://www.wowhead.com/classic/quest=5882,
5883,https://www.wowhead.com/classic/quest=5883,
5884,https://www.wowhead.com/classic/quest=5884,
5885,https://www.wowhead.com/classic/quest=5885,
5886,https://www.wowhead.com/classic/quest=5886,
5887,https://www.wowhead.com/classic/quest=5887,
5888,https://www.wowhead.com/classic/quest=5888,
5889,https://www.wowhead.com/classic/quest=5889,
589,https://www.wowhead.com/classic/quest=589,
5890,https://www.wowhead.com/classic/quest=5890,
5891,https://www.wowhead.com/classic/quest=5891,
5892,https://www.wowhead.com/classic/quest=5892,
5893,https://www.wowhead.com/classic/quest=5893,
5901,https://www.wowhead.com/classic/quest=5901,
5903,https://www.wowhead.com/classic/quest=5903,
591,https://www.wowhead.com/classic/quest=591,
592,https://www.wowhead.com/classic/quest=592,
593,https://www.wowhead.com/classic/quest=593,
596,https://www.wowhead.com/classic/quest=596,
598,https://www.wowhead.com/classic/quest=598,
5981,https://www.wowhead.com/classic/quest=5981,
6,https://www.wowhead.com/classic/quest=6,
60,https://www.wowhead.com/classic/quest=60,
600,https://www.wowhead.com/classic/quest=600,
6001,https://www.wowhead.com/classic/quest=6001,
6002,https://www.wowhead.com/classic/quest=6002,
6004,https://www.wowhead.com/classic/quest=6004,
601,https://www.wowhead.com/classic/quest=601,
6021,https://www.wowhead.com/classic/quest=6021,
6022,https://www.wowhead.com/classic/quest=6022,
6023,https://www.wowhead.com/classic/quest=6023,
6024,https://www.wowhead.com/classic/quest=6024,
6025,https://www.wowhead.com/classic/quest=6025,
6026,https://www.wowhead.com/classic/quest=6026,
6027,https://www.wowhead.com/classic/quest=6027,
6031,https://www.wowhead.com/classic/quest=6031,
6032,https://www.wowhead.com/classic/quest=6032,
604,https://www.wowhead.com/classic/quest=604,
6041,https://www.wowhead.com/classic/quest=6041,
6042,https://www.wowhead.com/classic/quest=6042,
605,https://www.wowhead.com/classic/quest=605,
606,https://www.wowhead.com/classic/quest=606,
608,https://www.wowhead.com/classic/quest=608,
609,https://www.wowhead.com/classic/quest=609,
610,https://www.wowhead.com/classic/quest=610,
611,https://www.wowhead.com/classic/quest=611,
6122,https://www.wowhead.com/classic/quest=6122,
6123,https://www.wowhead.com/classic/quest=6123,
6124,https://www.wowhead.com/classic/quest=6124,
6127,https://www.wowhead.com/classic/quest=6127,
6128,https://www.wowhead.com/classic/quest=6128,
6129,https://www.wowhead.com/classic/quest=6129,
613,https://www.wowhead.com/classic/quest=613,
6131,https://www.wowhead.com/classic/quest=6131,
6133,https://www.wowhead.com/classic/quest=6133,
6134,https://www.wowhead.com/classic/quest=6134,
6135,https://www.wowhead.com/classic/quest=6135,
6136,https://www.wowhead.com/classic/quest=6136,
614,https://www.wowhead.com/classic/quest=614,
6142,https://www.wowhead.com/classic/quest=6142,
6143,https://www.wowhead.com/classic/quest=6143,
6145,https://www.wowhead.com/classic/quest=6145,
6146,https://www.wowhead.com/classic/quest=6146,
6148,https://www.wowhead.com/classic/quest=6148,
6161,https://www.wowhead.com/classic/quest=6161,
6162,https://www.wowhead.com/classic/quest=6162,
6163,https://www.wowhead.com/classic/quest=6163,
6164,https://www.wowhead.com/classic/quest=6164,
617,https://www.wowhead.com/classic/quest=617,
618,https://www.wowhead.com/classic/quest=618,
6185,https://www.wowhead.com/classic/quest=6185,
6187,https://www.wowhead.com/classic/quest=6187,
619,https://www.wowhead.com/classic/quest=619,
62,https://www.wowhead.com/classic/quest=62,
621,https://www.wowhead.com/classic/quest=621,
627,https://www.wowhead.com/classic/quest=627,
628,https://www.wowhead.com/classic/quest=628,
6282,https://www.wowhead.com/classic/quest=6282,
6283,https://www.wowhead.com/classic/quest=6283,
6284,https://www.wowhead.com/classic/quest=6284,
629,https://www.wowhead.com/classic/quest=629,
63,https://www.wowhead.com/classic/quest=63,
630,https://www.wowhead.com/classic/quest=630,
6301,https://www.wowhead.com/classic/quest=6301,
633,https://www.wowhead.com/classic/quest=633,
6381,https://www.wowhead.com/classic/quest=6381,
639,https://www.wowhead.com/classic/quest=639,
6393,https://www.wowhead.com/classic/quest=6393,
6394,https://www.wowhead.com/classic/quest=6394,
6395,https://www.wowhead.com/classic/quest=6395,
64,https://www.wowhead.com/classic/quest=64,
640,https://www.wowhead.com/classic/quest=640,
642,https://www.wowhead.com/classic/quest=642,
6421,https://www.wowhead.com/classic/quest=6421,
643,https://www.wowhead.com/classic/quest=643,
644,https://www.wowhead.com/classic/quest=644,
6441,https://www.wowhead.com/classic/quest=6441,
6442,https://www.wowhead.com/classic/quest=6442,
6461,https://www.wowhead.com/classic/quest=6461,
6462,https://www.wowhead.com/classic/quest=6462,
6481,https://www.wowhead.com/classic/quest=6481,
6503,https://www.wowhead.com/classic/quest=6503,
6504,https://www.wowhead.com/classic/quest=6504,
651,https://www.wowhead.com/classic/quest=651,
652,https://www.wowhead.com/classic/quest=652,
6521,https://www.wowhead.com/classic/quest=6521,
654,https://www.wowhead.com/classic/quest=654,
6543,https://www.wowhead.com/classic/quest=6543,
6545,https://www.wowhead.com/classic/quest=6545,
6546,https://www.wowhead.com/classic/quest=6546,
6547,https://www.wowhead.com/classic/quest=6547,
6548,https://www.wowhead.com/classic/quest=6548,
656,https://www.wowhead.com/classic/quest=656,
6561,https://www.wowhead.com/classic/quest=6561,
6563,https://www.wowhead.com/classic/quest=6563,
6565,https://www.wowhead.com/classic/quest=6565,
6569,https://www.wowhead.com/classic/quest=6569,
6571,https://www.wowhead.com/classic/quest=6571,
658,https://www.wowhead.com/classic/quest=658,
6581,https://www.wowhead.com/classic/quest=6581,
6582,https://www.wowhead.com/classic/quest=6582,
6583,https://www.wowhead.com/classic/quest=6583,
6584,https://www.wowhead.com/classic/quest=6584,
6585,https://www.wowhead.com/classic/quest=6585,
6602,https://www.wowhead.com/classic/quest=6602,
6607,https://www.wowhead.com/classic/quest=6607,
6610,https://www.wowhead.com/classic/quest=6610,
662,https://www.wowhead.com/classic/quest=662,
6621,https://www.wowhead.com/classic/quest=6621,
6626,https://www.wowhead.com/classic/quest=6626,
6629,https://www.wowhead.com/classic/quest=6629,
664,https://www.wowhead.com/classic/quest=664,
6642,https://www.wowhead.com/classic/quest=6642,
6643,https://www.wowhead.com/classic/quest=6643,
6644,https://www.wowhead.com/classic/quest=6644,
6645,https://www.wowhead.com/classic/quest=6645,
6646,https://www.wowhead.com/classic/quest=6646,
666,https://www.wowhead.com/classic/quest=666,
6661,https://www.wowhead.com/classic/quest=6661,
6681,https://www.wowhead.com/classic/quest=6681,
6701,https://www.wowhead.com/classic/quest=6701,
671,https://www.wowhead.com/classic/quest=671,
672,https://www.wowhead.com/classic/quest=672,
673,https://www.wowhead.com/classic/quest=673,
6741,https://www.wowhead.com/classic/quest=6741,
676,https://www.wowhead.com/classic/quest=676,
677,https://www.wowhead.com/classic/quest=677,
678,https://www.wowhead.com/classic/quest=678,
6781,https://www.wowhead.com/classic/quest=6781,
679,https://www.wowhead.com/classic/quest=679,
680,https://www.wowhead.com/classic/quest=680,
6801,https://www.wowhead.com/classic/quest=6801,
6805,https://www.wowhead.com/classic/quest=6805,
681,https://www.wowhead.com/classic/quest=681,
682,https://www.wowhead.com/classic/quest=682,
6821,https://www.wowhead.com/classic/quest=6821,
6822,https://www.wowhead.com/classic/quest=6822,
6824,https://www.wowhead.com/classic/quest=6824,
6825,https://www.wowhead.com/classic/quest=6825,
6826,https://www.wowhead.com/classic/quest=6826,
6827,https://www.wowhead.com/classic/quest=6827,
684,https://www.wowhead.com/classic/quest=684,
6846,https://www.wowhead.com/classic/quest=6846,
685,https://www.wowhead.com/classic/quest=685,
6861,https://www.wowhead.com/classic/quest=6861,
6862,https://www.wowhead.com/classic/quest=6862,
6881,https://www.wowhead.com/classic/quest=6881,
689,https://www.wowhead.com/classic/quest=689,
6901,https://www.wowhead.com/classic/quest=6901,
691,https://www.wowhead.com/classic/quest=691,
692,https://www.wowhead.com/classic/quest=692,
6921,https://www.wowhead.com/classic/quest=6921,
693,https://www.wowhead.com/classic/quest=693,
694,https://www.wowhead.com/classic/quest=694,
6941,https://www.wowhead.com/classic/quest=6941,
6942,https://www.wowhead.com/classic/quest=6942,
6943,https://www.wowhead.com/classic/quest=6943,
696,https://www.wowhead.com/classic/quest=696,
6962,https://www.wowhead.com/classic/quest=6962,
698,https://www.wowhead.com/classic/quest=698,
6982,https://www.wowhead.com/classic/quest=6982,
6983,https://www.wowhead.com/classic/quest=6983,
6985,https://www.wowhead.com/classic/quest=6985,
699,https://www.wowhead.com/classic/quest=699,
7,https://www.wowhead.com/classic/quest=7,
70,https://www.wowhead.com/classic/quest=70,
7002,https://www.wowhead.com/classic/quest=7002,
7003,https://www.wowhead.com/classic/quest=7003,
701,https://www.wowhead.com/classic/quest=701,
7025,https://www.wowhead.com/classic/quest=7025,
7026,https://www.wowhead.com/classic/quest=7026,
7028,https://www.wowhead.com/classic/quest=7028,
7029,https://www.wowhead.com/classic/quest=7029,
703,https://www.wowhead.com/classic/quest=703,
704,https://www.wowhead.com/classic/quest=704,
7041,https://www.wowhead.com/classic/quest=7041,
7043,https://www.wowhead.com/classic/quest=7043,
7044,https://www.wowhead.com/classic/quest=7044,
705,https://www.wowhead.com/classic/quest=705,
706,https://www.wowhead.com/classic/quest=706,
7064,https://www.wowhead.com/classic/quest=7064,
7065,https://www.wowhead.com/classic/quest=7065,
7067,https://www.wowhead.com/classic/quest=7067,
7068,https://www.wowhead.com/classic/quest=7068,
7070,https://www.wowhead.com/classic/quest=7070,
7081,https://www.wowhead.com/classic/quest=7081,
7082,https://www.wowhead.com/classic/quest=7082,
709,https://www.wowhead.com/classic/quest=709,
710,https://www.wowhead.com/classic/quest=710,
7101,https://www.wowhead.com/classic/quest=7101,
7102,https://www.wowhead.com/classic/quest=7102,
711,https://www.wowhead.com/classic/quest=711,
712,https://www.wowhead.com/classic/quest=712,
7122,https://www.wowhead.com/classic/quest=7122,
7124,https://www.wowhead.com/classic/quest=7124,
713,https://www.wowhead.com/classic/quest=713,
714,https://www.wowhead.com/classic/quest=714,
715,https://www.wowhead.com/classic/quest=715,
716,https://www.wowhead.com/classic/quest=716,
7161,https://www.wowhead.com/classic/quest=7161,
7162,https://www.wowhead.com/classic/quest=7162,
7163,https://www.wowhead.com/classic/quest=7163,
7164,https://www.wowhead.com/classic/quest=7164,
7165,https://www.wowhead.com/classic/quest=7165,
7166,https://www.wowhead.com/classic/quest=7166,
7167,https://www.wowhead.com/classic/quest=7167,
7168,https://www.wowhead.com/classic/quest=7168,
7169,https://www.wowhead.com/classic/quest=7169,
717,https://www.wowhead.com/classic/quest=717,
7170,https://www.wowhead.com/classic/quest=7170,
7171,https://www.wowhead.com/classic/quest=7171,
7172,https://www.wowhead.com/classic/quest=7172,
718,https://www.wowhead.com/classic/quest=718,
7181,https://www.wowhead.com/classic/quest=7181,
719,https://www.wowhead.com/classic/quest=719,
7201,https://www.wowhead.com/classic/quest=7201,
7202,https://www.wowhead.com/classic/quest=7202,
722,https://www.wowhead.com/classic/quest=722,
7223,https://www.wowhead.com/classic/quest=7223,
7224,https://www.wowhead.com/classic/quest=7224,
732,https://www.wowhead.com/classic/quest=732,
7321,https://www.wowhead.com/classic/quest=7321,
733,https://www.wowhead.com/classic/quest=733,
7341,https://www.wowhead.com/classic/quest=7341,
7342,https://www.wowhead.com/classic/quest=7342,
735,https://www.wowhead.com/classic/quest=735,
736,https://www.wowhead.com/classic/quest=736,
7361,https://www.wowhead.com/classic/quest=7361,
7362,https://www.wowhead.com/classic/quest=7362,
7367,https://www.wowhead.com/classic/quest=7367,
7368,https://www.wowhead.com/classic/quest=7368,
7381,https://www.wowhead.com/classic/quest=7381,
7382,https://www.wowhead.com/classic/quest=7382,
7383,https://www.wowhead.com/classic/quest=7383,
7385,https://www.wowhead.com/classic/quest=7385,
7386,https://www.wowhead.com/classic/quest=7386,
739,https://www.wowhead.com/classic/quest=739,
7401,https://www.wowhead.com/classic/quest=7401,
7424,https://www.wowhead.com/classic/quest=7424,
7429,https://www.wowhead.com/classic/quest=7429,
743,https://www.wowhead.com/classic/quest=743,
744,https://www.wowhead.com/classic/quest=744,
7441,https://www.wowhead.com/classic/quest=7441,
745,https://www.wowhead.com/classic/quest=745,
746,https://www.wowhead.com/classic/quest=746,
7461,https://www.wowhead.com/classic/quest=7461,
7463,https://www.wowhead.com/classic/quest=7463,
747,https://www.wowhead.com/classic/quest=747,
748,https://www.wowhead.com/classic/quest=748,
7483,https://www.wowhead.com/classic/quest=7483,
7484,https://www.wowhead.com/classic/quest=7484,
7485,https://www.wowhead.com/classic/quest=7485,
7487,https://www.wowhead.com/classic/quest=7487,
7488,https://www.wowhead.com/classic/quest=7488,
7489,https://www.wowhead.com/classic/quest=7489,
75,https://www.wowhead.com/classic/quest=75,
750,https://www.wowhead.com/classic/quest=750,
753,https://www.wowhead.com/classic/quest=753,
754,https://www.wowhead.com/classic/quest=754,
756,https://www.wowhead.com/classic/quest=756,
7563,https://www.wowhead.com/classic/quest=7563,
757,https://www.wowhead.com/classic/quest=757,
758,https://www.wowhead.com/classic/quest=758,
7581,https://www.wowhead.com/classic/quest=7581,
7582,https://www.wowhead.com/classic/quest=7582,
7583,https://www.wowhead.com/classic/quest=7583,
759,https://www.wowhead.com/classic/quest=759,
76,https://www.wowhead.com/classic/quest=76,
760,https://www.wowhead.com/classic/quest=760,
7602,https://www.wowhead.com/classic/quest=7602,
7603,https://www.wowhead.com/classic/quest=7603,
7604,https://www.wowhead.com/classic/quest=7604,
761,https://www.wowhead.com/classic/quest=761,
762,https://www.wowhead.com/classic/quest=762,
7624,https://www.wowhead.com/classic/quest=7624,
7625,https://www.wowhead.com/classic/quest=7625,
7626,https://www.wowhead.com/classic/quest=7626,
7627,https://www.wowhead.com/classic/quest=7627,
7628,https://www.wowhead.com/classic/quest=7628,
7629,https://www.wowhead.com/classic/quest=7629,
7630,https://www.wowhead.com/classic/quest=7630,
7634,https://www.wowhead.com/classic/quest=7634,
7635,https://www.wowhead.com/classic/quest=7635,
7636,https://www.wowhead.com/classic/quest=7636,
764,https://www.wowhead.com/classic/quest=764,
7640,https://www.wowhead.com/classic/quest=7640,
7642,https://www.wowhead.com/classic/quest=7642,
7643,https://www.wowhead.com/classic/quest=7643,
7645,https://www.wowhead.com/classic/quest=7645,
7646,https://www.wowhead.com/classic/quest=7646,
7647,https://www.wowhead.com/classic/quest=7647,
765,https://www.wowhead.com/classic/quest=765,
7653,https://www.wowhead.com/classic/quest=7653,
7654,https://www.wowhead.com/classic/quest=7654,
7655,https://www.wowhead.com/classic/quest=7655,
7656,https://www.wowhead.com/classic/quest=7656,
7657,https://www.wowhead.com/classic/quest=7657,
7658,https://www.wowhead.com/classic/quest=7658,
7659,https://www.wowhead.com/classic/quest=7659,
766,https://www.wowhead.com/classic/quest=766,
7660,https://www.wowhead.com/classic/quest=7660,
7661,https://www.wowhead.com/classic/quest=7661,
7662,https://www.wowhead.com/classic/quest=7662,
7663,https://www.wowhead.com/classic/quest=7663,
7664,https://www.wowhead.com/classic/quest=7664,
7665,https://www.wowhead.com/classic/quest=7665,
7667,https://www.wowhead.com/classic/quest=7667,
7671,https://www.wowhead.com/classic/quest=7671,
7672,https://www.wowhead.com/classic/quest=7672,
7673,https://www.wowhead.com/classic/quest=7673,
7674,https://www.wowhead.com/classic/quest=7674,
7675,https://www.wowhead.com/classic/quest=7675,
7676,https://www.wowhead.com/classic/quest=7676,
7677,https://www.wowhead.com/classic/quest=7677,
7678,https://www.wowhead.com/classic/quest=7678,
768,https://www.wowhead.com/classic/quest=768,
769,https://www.wowhead.com/classic/quest=769,
77,https://www.wowhead.com/classic/quest=77,
7701,https://www.wowhead.com/classic/quest=7701,
7702,https://www.wowhead.com/classic/quest=7702,
7703,https://www.wowhead.com/classic/quest=7703,
771,https://www.wowhead.com/classic/quest=771,
772,https://www.wowhead.com/classic/quest=772,
7721,https://www.wowhead.com/classic/quest=7721,
7722,https://www.wowhead.com/classic/quest=7722,
7723,https://www.wowhead.com/classic/quest=7723,
7724,https://www.wowhead.com/classic/quest=7724,
7725,https://www.wowhead.com/classic/quest=7725,
7726,https://www.wowhead.com/classic/quest=7726,
7727,https://www.wowhead.com/classic/quest=7727,
7728,https://www.wowhead.com/classic/quest=7728,
7729,https://www.wowhead.com/classic/quest=7729,
7730,https://www.wowhead.com/classic/quest=7730,
7731,https://www.wowhead.com/classic/quest=7731,
7733,https://www.wowhead.com/classic/quest=7733,
7734,https://www.wowhead.com/classic/quest=7734,
7736,https://www.wowhead.com/classic/quest=7736,
7737,https://www.wowhead.com/classic/quest=7737,
776,https://www.wowhead.com/classic/quest=776,
778,https://www.wowhead.com/classic/quest=778,
7786,https://www.wowhead.com/classic/quest=7786,
779,https://www.wowhead.com/classic/quest=779,
7791,https://www.wowhead.com/classic/quest=7791,
7792,https://www.wowhead.com/classic/quest=7792,
7793,https://www.wowhead.com/classic/quest=7793,
7794,https://www.wowhead.com/classic/quest=7794,
7795,https://www.wowhead.com/classic/quest=7795,
7796,https://www.wowhead.com/classic/quest=7796,
7798,https://www.wowhead.com/classic/quest=7798,
7799,https://www.wowhead.com/classic/quest=7799,
780,https://www.wowhead.com/classic/quest=780,
7800,https://www.wowhead.com/classic/quest=7800,
7801,https://www.wowhead.com/classic/quest=7801,
7802,https://www.wowhead.com/classic/quest=7802,
7803,https://www.wowhead.com/classic/quest=7803,
7804,https://www.wowhead.com/classic/quest=7804,
7805,https://www.wowhead.com/classic/quest=7805,
7806,https://www.wowhead.com/classic/quest=7806,
7807,https://www.wowhead.com/classic/quest=7807,
7808,https://www.wowhead.com/classic/quest=7808,
7809,https://www.wowhead.com/classic/quest=7809,
7811,https://www.wowhead.com/classic/quest=7811,
7812,https://www.wowhead.com/classic/quest=7812,
7813,https://www.wowhead.com/classic/quest=7813,
7814,https://www.wowhead.com/classic/quest=7814,
7815,https://www.wowhead.com/classic/quest=7815,
7816,https://www.wowhead.com/classic/quest=7816,
7817,https://www.wowhead.com/classic/quest=7817,
7818,https://www.wowhead.com/classic/quest=7818,
7819,https://www.wowhead.com/classic/quest=7819,
782,https://www.wowhead.com/classic/quest=782,
7820,https://www.wowhead.com/classic/quest=7820,
7821,https://www.wowhead.com/classic/quest=7821,
7822,https://www.wowhead.com/classic/quest=7822,
7823,https://www.wowhead.com/classic/quest=7823,
7824,https://www.wowhead.com/classic/quest=7824,
7825,https://www.wowhead.com/classic/quest=7825,
7826,https://www.wowhead.com/classic/quest=7826,
7827,https://www.wowhead.com/classic/quest=7827,
7828,https://www.wowhead.com/classic/quest=7828,
7829,https://www.wowhead.com/classic/quest=7829,
7830,https://www.wowhead.com/classic/quest=7830,
7831,https://www.wowhead.com/classic/quest=7831,
7832,https://www.wowhead.com/classic/quest=7832,
7833,https://www.wowhead.com/classic/quest=7833,
7834,https://www.wowhead.com/classic/quest=7834,
7835,https://www.wowhead.com/classic/quest=7835,
7836,https://www.wowhead.com/classic/quest=7836,
7837,https://www.wowhead.com/classic/quest=7837,
7838,https://www.wowhead.com/classic/quest=7838,
7839,https://www.wowhead.com/classic/quest=7839,
784,https://www.wowhead.com/classic/quest=784,
7840,https://www.wowhead.com/classic/quest=7840,
7841,https://www.wowhead.com/classic/quest=7841,
7842,https://www.wowhead.com/classic/quest=7842,
7843,https://www.wowhead.com/classic/quest=7843,
7844,https://www.wowhead.com/classic/quest=7844,
7846,https://www.wowhead.com/classic/quest=7846,
7848,https://www.wowhead.com/classic/quest=7848,
7849,https://www.wowhead.com/classic/quest=7849,
7850,https://www.wowhead.com/classic/quest=7850,
786,https://www.wowhead.com/classic/quest=786,
7861,https://www.wowhead.com/classic/quest=7861,
7862,https://www.wowhead.com/classic/quest=7862,
788,https://www.wowhead.com/classic/quest=788,
7881,https://www.wowhead.com/classic/quest=7881,
7882,https://www.wowhead.com/classic/quest=7882,
7883,https://www.wowhead.com/classic/quest=7883,
7884,https://www.wowhead.com/classic/quest=7884,
7885,https://www.wowhead.com/classic/quest=7885,
7889,https://www.wowhead.com/classic/quest=7889,
789,https://www.wowhead.com/classic/quest=789,
7890,https://www.wowhead.com/classic/quest=7890,
7891,https://www.wowhead.com/classic/quest=7891,
7892,https://www.wowhead.com/classic/quest=7892,
7893,https://www.wowhead.com/classic/quest=7893,
7894,https://www.wowhead.com/classic/quest=7894,
7895,https://www.wowhead.com/classic/quest=7895,
7896,https://www.wowhead.com/classic/quest=7896,
7897,https://www.wowhead.com/classic/quest=7897,
7898,https://www.wowhead.com/classic/quest=7898,
7899,https://www.wowhead.com/classic/quest=7899,
790,https://www.wowhead.com/classic/quest=790,
7900,https://www.wowhead.com/classic/quest=7900,
7901,https://www.wowhead.com/classic/quest=7901,
7902,https://www.wowhead.com/classic/quest=7902,
7903,https://www.wowhead.com/classic/quest=7903,
791,https://www.wowhead.com/classic/quest=791,
792,https://www.wowhead.com/classic/quest=792,
793,https://www.wowhead.com/classic/quest=793,
7930,https://www.wowhead.com/classic/quest=7930,
7931,https://www.wowhead.com/classic/quest=7931,
7932,https://www.wowhead.com/classic/quest=7932,
7933,https://www.wowhead.com/classic/quest=7933,
7934,https://www.wowhead.com/classic/quest=7934,
7935,https://www.wowhead.com/classic/quest=7935,
7936,https://www.wowhead.com/classic/quest=7936,
7939,https://www.wowhead.com/classic/quest=7939,
794,https://www.wowhead.com/classic/quest=794,
7940,https://www.wowhead.com/classic/quest=7940,
7941,https://www.wowhead.com/classic/quest=7941,
7942,https://www.wowhead.com/classic/quest=7942,
7943,https://www.wowhead.com/classic/quest=7943,
7946,https://www.wowhead.com/classic/quest=7946,
795,https://www.wowhead.com/classic/quest=795,
7981,https://www.wowhead.com/classic/quest=7981,
8001,https://www.wowhead.com/classic/quest=8001,
8042,https://www.wowhead.com/classic/quest=8042,
8043,https://www.wowhead.com/classic/quest=8043,
8044,https://www.wowhead.com/classic/quest=8044,
8046,https://www.wowhead.com/classic/quest=8046,
8047,https://www.wowhead.com/classic/quest=8047,
8048,https://www.wowhead.com/classic/quest=8048,
8050,https://www.wowhead.com/classic/quest=8050,
8051,https://www.wowhead.com/classic/quest=8051,
8052,https://www.wowhead.com/classic/quest=8052,
8053,https://www.wowhead.com/classic/quest=8053,
8054,https://www.wowhead.com/classic/quest=8054,
8055,https://www.wowhead.com/classic/quest=8055,
8056,https://www.wowhead.com/classic/quest=8056,
8057,https://www.wowhead.com/classic/quest=8057,
8058,https://www.wowhead.com/classic/quest=8058,
8059,https://www.wowhead.com/classic/quest=8059,
806,https://www.wowhead.com/classic/quest=806,
8060,https://www.wowhead.com/classic/quest=8060,
8061,https://www.wowhead.com/classic/quest=8061,
8062,https://www.wowhead.com/classic/quest=8062,
8063,https://www.wowhead.com/classic/quest=8063,
8064,https://www.wowhead.com/classic/quest=8064,
8065,https://www.wowhead.com/classic/quest=8065,
8066,https://www.wowhead.com/classic/quest=8066,
8067,https://www.wowhead.com/classic/quest=8067,
8068,https://www.wowhead.com/classic/quest=8068,
8069,https://www.wowhead.com/classic/quest=8069,
8070,https://www.wowhead.com/classic/quest=8070,
8071,https://www.wowhead.com/classic/quest=8071,
8072,https://www.wowhead.com/classic/quest=8072,
8073,https://www.wowhead.com/classic/quest=8073,
8074,https://www.wowhead.com/classic/quest=8074,
8075,https://www.wowhead.com/classic/quest=8075,
8076,https://www.wowhead.com/classic/quest=8076,
8077,https://www.wowhead.com/classic/quest=8077,
8078,https://www.wowhead.com/classic/quest=8078,
8079,https://www.wowhead.com/classic/quest=8079,
808,https://www.wowhead.com/classic/quest=808,
8081,https://www.wowhead.com/classic/quest=8081,
8102,https://www.wowhead.com/classic/quest=8102,
8103,https://www.wowhead.com/classic/quest=8103,
8104,https://www.wowhead.com/classic/quest=8104,
8105,https://www.wowhead.com/classic/quest=8105,
8107,https://www.wowhead.com/classic/quest=8107,
8108,https://www.wowhead.com/classic/quest=8108,
8109,https://www.wowhead.com/classic/quest=8109,
8111,https://www.wowhead.com/classic/quest=8111,
8112,https://www.wowhead.com/classic/quest=8112,
8113,https://www.wowhead.com/classic/quest=8113,
8117,https://www.wowhead.com/classic/quest=8117,
8118,https://www.wowhead.com/classic/quest=8118,
8119,https://www.wowhead.com/classic/quest=8119,
812,https://www.wowhead.com/classic/quest=812,
8120,https://www.wowhead.com/classic/quest=8120,
8124,https://www.wowhead.com/classic/quest=8124,
813,https://www.wowhead.com/classic/quest=813,
8142,https://www.wowhead.com/classic/quest=8142,
8143,https://www.wowhead.com/classic/quest=8143,
8144,https://www.wowhead.com/classic/quest=8144,
8146,https://www.wowhead.com/classic/quest=8146,
8147,https://www.wowhead.com/classic/quest=8147,
8148,https://www.wowhead.com/classic/quest=8148,
8149,https://www.wowhead.com/classic/quest=8149,
815,https://www.wowhead.com/classic/quest=815,
8150,https://www.wowhead.com/classic/quest=8150,
8153,https://www.wowhead.com/classic/quest=8153,
8157,https://www.wowhead.com/classic/quest=8157,
8158,https://www.wowhead.com/classic/quest=8158,
8159,https://www.wowhead.com/classic/quest=8159,
816,https://www.wowhead.com/classic/quest=816,
8163,https://www.wowhead.com/classic/quest=8163,
8164,https://www.wowhead.com/classic/quest=8164,
8165,https://www.wowhead.com/classic/quest=8165,
8166,https://www.wowhead.com/classic/quest=8166,
8167,https://www.wowhead.com/classic/quest=8167,
8168,https://www.wowhead.com/classic/quest=8168,
8169,https://www.wowhead.com/classic/quest=8169,
817,https://www.wowhead.com/classic/quest=817,
8170,https://www.wowhead.com/classic/quest=8170,
8171,https://www.wowhead.com/classic/quest=8171,
818,https://www.wowhead.com/classic/quest=818,
8184,https://www.wowhead.com/classic/quest=8184,
8185,https://www.wowhead.com/classic/quest=8185,
8186,https://www.wowhead.com/classic/quest=8186,
8187,https://www.wowhead.com/classic/quest=8187,
8188,https://www.wowhead.com/classic/quest=8188,
8189,https://www.wowhead.com/classic/quest=8189,
8190,https://www.wowhead.com/classic/quest=8190,
8191,https://www.wowhead.com/classic/quest=8191,
8192,https://www.wowhead.com/classic/quest=8192,
8193,https://www.wowhead.com/classic/quest=8193,
8194,https://www.wowhead.com/classic/quest=8194,
8195,https://www.wowhead.com/classic/quest=8195,
8196,https://www.wowhead.com/classic/quest=8196,
82,https://www.wowhead.com/classic/quest=82,
8201,https://www.wowhead.com/classic/quest=8201,
821,https://www.wowhead.com/classic/quest=821,
822,https://www.wowhead.com/classic/quest=822,
8221,https://www.wowhead.com/classic/quest=8221,
8222,https://www.wowhead.com/classic/quest=8222,
8223,https://www.wowhead.com/classic/quest=8223,
8224,https://www.wowhead.com/classic/quest=8224,
8225,https://www.wowhead.com/classic/quest=8225,
8231,https://www.wowhead.com/classic/quest=8231,
8232,https://www.wowhead.com/classic/quest=8232,
8234,https://www.wowhead.com/classic/quest=8234,
8235,https://www.wowhead.com/classic/quest=8235,
8236,https://www.wowhead.com/classic/quest=8236,
8238,https://www.wowhead.com/classic/quest=8238,
8239,https://www.wowhead.com/classic/quest=8239,
8241,https://www.wowhead.com/classic/quest=8241,
8242,https://www.wowhead.com/classic/quest=8242,
8243,https://www.wowhead.com/classic/quest=8243,
8246,https://www.wowhead.com/classic/quest=8246,
8249,https://www.wowhead.com/classic/quest=8249,
825,https://www.wowhead.com/classic/quest=825,
8251,https://www.wowhead.com/classic/quest=8251,
8252,https://www.wowhead.com/classic/quest=8252,
8253,https://www.wowhead.com/classic/quest=8253,
8255,https://www.wowhead.com/classic/quest=8255,
8256,https://www.wowhead.com/classic/quest=8256,
8257,https://www.wowhead.com/classic/quest=8257,
8258,https://www.wowhead.com/classic/quest=8258,
826,https://www.wowhead.com/classic/quest=826,
827,https://www.wowhead.com/classic/quest=827,
8277,https://www.wowhead.com/classic/quest=8277,
8278,https://www.wowhead.com/classic/quest=8278,
8279,https://www.wowhead.com/classic/quest=8279,
8280,https://www.wowhead.com/classic/quest=8280,
8281,https://www.wowhead.com/classic/quest=8281,
8282,https://www.wowhead.com/classic/quest=8282,
8283,https://www.wowhead.com/classic/quest=8283,
8284,https://www.wowhead.com/classic/quest=8284,
8286,https://www.wowhead.com/classic/quest=8286,
8288,https://www.wowhead.com/classic/quest=8288,
8298,https://www.wowhead.com/classic/quest=8298,
83,https://www.wowhead.com/classic/quest=83,
8300,https://www.wowhead.com/classic/quest=8300,
8301,https://www.wowhead.com/classic/quest=8301,
8302,https://www.wowhead.com/classic/quest=8302,
8304,https://www.wowhead.com/classic/quest=8304,
8306,https://www.wowhead.com/classic/quest=8306,
8309,https://www.wowhead.com/classic/quest=8309,
8310,https://www.wowhead.com/classic/quest=8310,
8311,https://www.wowhead.com/classic/quest=8311,
8312,https://www.wowhead.com/classic/quest=8312,
8315,https://www.wowhead.com/classic/quest=8315,
8317,https://www.wowhead.com/classic/quest=8317,
8318,https://www.wowhead.com/classic/quest=8318,
8319,https://www.wowhead.com/classic/quest=8319,
8320,https://www.wowhead.com/classic/quest=8320,
8321,https://www.wowhead.com/classic/quest=8321,
8323,https://www.wowhead.com/classic/quest=8323,
8324,https://www.wowhead.com/classic/quest=8324,
8325,https://www.wowhead.com/classic/quest=8325,
8326,https://www.wowhead.com/classic/quest=8326,
833,https://www.wowhead.com/classic/quest=833,
8330,https://www.wowhead.com/classic/quest=8330,
8332,https://www.wowhead.com/classic/quest=8332,
8333,https://www.wowhead.com/classic/quest=8333,
8334,https://www.wowhead.com/classic/quest=8334,
8335,https://www.wowhead.com/classic/quest=8335,
8336,https://www.wowhead.com/classic/quest=8336,
834,https://www.wowhead.com/classic/quest=834,
8341,https://www.wowhead.com/classic/quest=8341,
8342,https://www.wowhead.com/classic/quest=8342,
8345,https://www.wowhead.com/classic/quest=8345,
8346,https://www.wowhead.com/classic/quest=8346,
8348,https://www.wowhead.com/classic/quest=8348,
835,https://www.wowhead.com/classic/quest=835,
8352,https://www.wowhead.com/classic/quest=8352,
8353,https://www.wowhead.com/classic/quest=8353,
8354,https://www.wowhead.com/classic/quest=8354,
8355,https://www.wowhead.com/classic/quest=8355,
8357,https://www.wowhead.com/classic/quest=8357,
8358,https://www.wowhead.com/classic/quest=8358,
8359,https://www.wowhead.com/classic/quest=8359,
8360,https://www.wowhead.com/classic/quest=8360,
8361,https://www.wowhead.com/classic/quest=8361,
8362,https://www.wowhead.com/classic/quest=8362,
8363,https://www.wowhead.com/classic/quest=8363,
8364,https://www.wowhead.com/classic/quest=8364,
8365,https://www.wowhead.com/classic/quest=8365,
8366,https://www.wowhead.com/classic/quest=8366,
837,https://www.wowhead.com/classic/quest=837,
841,https://www.wowhead.com/classic/quest=841,
8410,https://www.wowhead.com/classic/quest=8410,
8412,https://www.wowhead.com/classic/quest=8412,
8413,https://www.wowhead.com/classic/quest=8413,
8414,https://www.wowhead.com/classic/quest=8414,
8418,https://www.wowhead.com/classic/quest=8418,
8419,https://www.wowhead.com/classic/quest=8419,
8420,https://www.wowhead.com/classic/quest=8420,
8421,https://www.wowhead.com/classic/quest=8421,
8422,https://www.wowhead.com/classic/quest=8422,
8423,https://www.wowhead.com/classic/quest=8423,
8424,https://www.wowhead.com/classic/quest=8424,
8425,https://www.wowhead.com/classic/quest=8425,
843,https://www.wowhead.com/classic/quest=843,
844,https://www.wowhead.com/classic/quest=844,
845,https://www.wowhead.com/classic/quest=845,
846,https://www.wowhead.com/classic/quest=846,
8460,https://www.wowhead.com/classic/quest=8460,
8461,https://www.wowhead.com/classic/quest=8461,
8463,https://www.wowhead.com/classic/quest=8463,
8464,https://www.wowhead.com/classic/quest=8464,
8466,https://www.wowhead.com/classic/quest=8466,
8467,https://www.wowhead.com/classic/quest=8467,
8468,https://www.wowhead.com/classic/quest=8468,
8469,https://www.wowhead.com/classic/quest=8469,
8472,https://www.wowhead.com/classic/quest=8472,
8473,https://www.wowhead.com/classic/quest=8473,
8475,https://www.wowhead.com/classic/quest=8475,
8476,https://www.wowhead.com/classic/quest=8476,
8477,https://www.wowhead.com/classic/quest=8477,
8479,https://www.wowhead.com/classic/quest=8479,
848,https://www.wowhead.com/classic/quest=848,
8480,https://www.wowhead.com/classic/quest=8480,
8481,https://www.wowhead.com/classic/quest=8481,
8483,https://www.wowhead.com/classic/quest=8483,
8486,https://www.wowhead.com/classic/quest=8486,
8487,https://www.wowhead.com/classic/quest=8487,
849,https://www.wowhead.com/classic/quest=849,
8490,https://www.wowhead.com/classic/quest=8490,
8491,https://www.wowhead.com/classic/quest=8491,
8492,https://www.wowhead.com/classic/quest=8492,
8493,https://www.wowhead.com/classic/quest=8493,
8494,https://www.wowhead.com/classic/quest=8494,
8495,https://www.wowhead.com/classic/quest=8495,
8496,https://www.wowhead.com/classic/quest=8496,
8497,https://www.wowhead.com/classic/quest=8497,
8498,https://www.wowhead.com/classic/quest=8498,
8499,https://www.wowhead.com/classic/quest=8499,
850,https://www.wowhead.com/classic/quest=850,
8500,https://www.wowhead.com/classic/quest=8500,
8501,https://www.wowhead.com/classic/quest=8501,
8502,https://www.wowhead.com/classic/quest=8502,
8503,https://www.wowhead.com/classic/quest=8503,
8504,https://www.wowhead.com/classic/quest=8504,
8505,https://www.wowhead.com/classic/quest=8505,
8506,https://www.wowhead.com/classic/quest=8506,
8507,https://www.wowhead.com/classic/quest=8507,
8508,https://www.wowhead.com/classic/quest=8508,
8509,https://www.wowhead.com/classic/quest=8509,
851,https://www.wowhead.com/classic/quest=851,
8510,https://www.wowhead.com/classic/quest=8510,
8511,https://www.wowhead.com/classic/quest=8511,
8512,https://www.wowhead.com/classic/quest=8512,
8513,https://www.wowhead.com/classic/quest=8513,
8514,https://www.wowhead.com/classic/quest=8514,
8515,https://www.wowhead.com/classic/quest=8515,
8516,https://www.wowhead.com/classic/quest=8516,
8517,https://www.wowhead.com/classic/quest=8517,
8518,https://www.wowhead.com/classic/quest=8518,
852,https://www.wowhead.com/classic/quest=852,
8520,https://www.wowhead.com/classic/quest=8520,
8521,https://www.wowhead.com/classic/quest=8521,
8522,https://www.wowhead.com/classic/quest=8522,
8523,https://www.wowhead.com/classic/quest=8523,
8524,https://www.wowhead.com/classic/quest=8524,
8525,https://www.wowhead.com/classic/quest=8525,
8526,https://www.wowhead.com/classic/quest=8526,
8527,https://www.wowhead.com/classic/quest=8527,
8528,https://www.wowhead.com/classic/quest=8528,
8529,https://www.wowhead.com/classic/quest=8529,
8532,https://www.wowhead.com/classic/quest=8532,
8533,https://www.wowhead.com/classic/quest=8533,
8534,https://www.wowhead.com/classic/quest=8534,
8535,https://www.wowhead.com/classic/quest=8535,
8536,https://www.wowhead.com/classic/quest=8536,
8537,https://www.wowhead.com/classic/quest=8537,
8538,https://www.wowhead.com/classic/quest=8538,
8539,https://www.wowhead.com/classic/quest=8539,
8540,https://www.wowhead.com/classic/quest=8540,
8541,https://www.wowhead.com/classic/quest=8541,
8542,https://www.wowhead.com/classic/quest=8542,
8543,https://www.wowhead.com/classic/quest=8543,
8544,https://www.wowhead.com/classic/quest=8544,
8545,https://www.wowhead.com/classic/quest=8545,
8546,https://www.wowhead.com/classic/quest=8546,
8548,https://www.wowhead.com/classic/quest=8548,
8549,https://www.wowhead.com/classic/quest=8549,
855,https://www.wowhead.com/classic/quest=855,
8550,https://www.wowhead.com/classic/quest=8550,
8551,https://www.wowhead.com/classic/quest=8551,
8554,https://www.wowhead.com/classic/quest=8554,
8556,https://www.wowhead.com/classic/quest=8556,
8557,https://www.wowhead.com/classic/quest=8557,
8558,https://www.wowhead.com/classic/quest=8558,
8559,https://www.wowhead.com/classic/quest=8559,
8560,https://www.wowhead.com/classic/quest=8560,
8561,https://www.wowhead.com/classic/quest=8561,
8562,https://www.wowhead.com/classic/quest=8562,
857,https://www.wowhead.com/classic/quest=857,
8572,https://www.wowhead.com/classic/quest=8572,
8573,https://www.wowhead.com/classic/quest=8573,
8574,https://www.wowhead.com/classic/quest=8574,
8578,https://www.wowhead.com/classic/quest=8578,
858,https://www.wowhead.com/classic/quest=858,
8580,https://www.wowhead.com/classic/quest=8580,
8581,https://www.wowhead.com/classic/quest=8581,
8582,https://www.wowhead.com/classic/quest=8582,
8583,https://www.wowhead.com/classic/quest=8583,
8585,https://www.wowhead.com/classic/quest=8585,
8586,https://www.wowhead.com/classic/quest=8586,
8588,https://www.wowhead.com/classic/quest=8588,
8589,https://www.wowhead.com/classic/quest=8589,
8590,https://www.wowhead.com/classic/quest=8590,
8591,https://www.wowhead.com/classic/quest=8591,
8592,https://www.wowhead.com/classic/quest=8592,
8593,https://www.wowhead.com/classic/quest=8593,
8594,https://www.wowhead.com/classic/quest=8594,
8595,https://www.wowhead.com/classic/quest=8595,
8596,https://www.wowhead.com/classic/quest=8596,
86,https://www.wowhead.com/classic/quest=86,
8600,https://www.wowhead.com/classic/quest=8600,
8601,https://www.wowhead.com/classic/quest=8601,
8602,https://www.wowhead.com/classic/quest=8602,
8603,https://www.wowhead.com/classic/quest=8603,
8604,https://www.wowhead.com/classic/quest=8604,
8605,https://www.wowhead.com/classic/quest=8605,
8606,https://www.wowhead.com/classic/quest=8606,
8607,https://www.wowhead.com/classic/quest=8607,
8608,https://www.wowhead.com/classic/quest=8608,
8609,https://www.wowhead.com/classic/quest=8609,
861,https://www.wowhead.com/classic/quest=861,
8610,https://www.wowhead.com/classic/quest=8610,
8611,https://www.wowhead.com/classic/quest=8611,
8612,https://www.wowhead.com/classic/quest=8612,
8613,https://www.wowhead.com/classic/quest=8613,
8614,https://www.wowhead.com/classic/quest=8614,
8615,https://www.wowhead.com/classic/quest=8615,
8616,https://www.wowhead.com/classic/quest=8616,
862,https://www.wowhead.com/classic/quest=862,
8620,https://www.wowhead.com/classic/quest=8620,
8621,https://www.wowhead.com/classic/quest=8621,
8622,https://www.wowhead.com/classic/quest=8622,
8623,https://www.wowhead.com/classic/quest=8623,
8624,https://www.wowhead.com/classic/quest=8624,
8625,https://www.wowhead.com/classic/quest=8625,
8626,https://www.wowhead.com/classic/quest=8626,
8627,https://www.wowhead.com/classic/quest=8627,
8628,https://www.wowhead.com/classic/quest=8628,
8629,https://www.wowhead.com/classic/quest=8629,
8630,https://www.wowhead.com/classic/quest=8630,
8631,https://www.wowhead.com/classic/quest=8631,
8632,https://www.wowhead.com/classic/quest=8632,
8633,https://www.wowhead.com/classic/quest=8633,
8634,https://www.wowhead.com/classic/quest=8634,
8637,https://www.wowhead.com/classic/quest=8637,
8638,https://www.wowhead.com/classic/quest=8638,
8639,https://www.wowhead.com/classic/quest=8639,
8640,https://www.wowhead.com/classic/quest=8640,
8641,https://www.wowhead.com/classic/quest=8641,
865,https://www.wowhead.com/classic/quest=865,
8655,https://www.wowhead.com/classic/quest=8655,
8656,https://www.wowhead.com/classic/quest=8656,
8657,https://www.wowhead.com/classic/quest=8657,
8658,https://www.wowhead.com/classic/quest=8658,
8659,https://www.wowhead.com/classic/quest=8659,
866,https://www.wowhead.com/classic/quest=866,
8660,https://www.wowhead.com/classic/quest=8660,
8661,https://www.wowhead.com/classic/quest=8661,
8662,https://www.wowhead.com/classic/quest=8662,
8663,https://www.wowhead.com/classic/quest=8663,
8664,https://www.wowhead.com/classic/quest=8664,
8665,https://www.wowhead.com/classic/quest=8665,
8666,https://www.wowhead.com/classic/quest=8666,
8667,https://www.wowhead.com/classic/quest=8667,
8668,https://www.wowhead.com/classic/quest=8668,
8669,https://www.wowhead.com/classic/quest=8669,
867,https://www.wowhead.com/classic/quest=867,
868,https://www.wowhead.com/classic/quest=868,
8687,https://www.wowhead.com/classic/quest=8687,
8689,https://www.wowhead.com/classic/quest=8689,
869,https://www.wowhead.com/classic/quest=869,
8690,https://www.wowhead.com/classic/quest=8690,
8691,https://www.wowhead.com/classic/quest=8691,
8692,https://www.wowhead.com/classic/quest=8692,
8693,https://www.wowhead.com/classic/quest=8693,
8694,https://www.wowhead.com/classic/quest=8694,
8695,https://www.wowhead.com/classic/quest=8695,
8696,https://www.wowhead.com/classic/quest=8696,
8697,https://www.wowhead.com/classic/quest=8697,
8698,https://www.wowhead.com/classic/quest=8698,
8699,https://www.wowhead.com/classic/quest=8699,
87,https://www.wowhead.com/classic/quest=87,
870,https://www.wowhead.com/classic/quest=870,
8700,https://www.wowhead.com/classic/quest=8700,
8701,https://www.wowhead.com/classic/quest=8701,
8702,https://www.wowhead.com/classic/quest=8702,
8703,https://www.wowhead.com/classic/quest=8703,
8704,https://www.wowhead.com/classic/quest=8704,
8705,https://www.wowhead.com/classic/quest=8705,
8706,https://www.wowhead.com/classic/quest=8706,
8707,https://www.wowhead.com/classic/quest=8707,
8708,https://www.wowhead.com/classic/quest=8708,
8709,https://www.wowhead.com/classic/quest=8709,
871,https://www.wowhead.com/classic/quest=871,
8710,https://www.wowhead.com/classic/quest=8710,
8711,https://www.wowhead.com/classic/quest=8711,
8712,https://www.wowhead.com/classic/quest=8712,
872,https://www.wowhead.com/classic/quest=872,
8728,https://www.wowhead.com/classic/quest=8728,
8729,https://www.wowhead.com/classic/quest=8729,
873,https://www.wowhead.com/classic/quest=873,
8730,https://www.wowhead.com/classic/quest=8730,
8731,https://www.wowhead.com/classic/quest=8731,
8732,https://www.wowhead.com/classic/quest=8732,
8735,https://www.wowhead.com/classic/quest=8735,
8737,https://www.wowhead.com/classic/quest=8737,
8738,https://www.wowhead.com/classic/quest=8738,
8739,https://www.wowhead.com/classic/quest=8739,
8740,https://www.wowhead.com/classic/quest=8740,
8748,https://www.wowhead.com/classic/quest=8748,
8749,https://www.wowhead.com/classic/quest=8749,
875,https://www.wowhead.com/classic/quest=875,
8750,https://www.wowhead.com/classic/quest=8750,
8751,https://www.wowhead.com/classic/quest=8751,
8753,https://www.wowhead.com/classic/quest=8753,
8754,https://www.wowhead.com/classic/quest=8754,
8755,https://www.wowhead.com/classic/quest=8755,
8756,https://www.wowhead.com/classic/quest=8756,
8758,https://www.wowhead.com/classic/quest=8758,
8759,https://www.wowhead.com/classic/quest=8759,
876,https://www.wowhead.com/classic/quest=876,
8760,https://www.wowhead.com/classic/quest=8760,
8761,https://www.wowhead.com/classic/quest=8761,
8764,https://www.wowhead.com/classic/quest=8764,
8765,https://www.wowhead.com/classic/quest=8765,
8766,https://www.wowhead.com/classic/quest=8766,
877,https://www.wowhead.com/classic/quest=877,
8770,https://www.wowhead.com/classic/quest=8770,
8771,https://www.wowhead.com/classic/quest=8771,
8772,https://www.wowhead.com/classic/quest=8772,
8773,https://www.wowhead.com/classic/quest=8773,
8774,https://www.wowhead.com/classic/quest=8774,
8775,https://www.wowhead.com/classic/quest=8775,
8776,https://www.wowhead.com/classic/quest=8776,
8777,https://www.wowhead.com/classic/quest=8777,
8778,https://www.wowhead.com/classic/quest=8778,
8779,https://www.wowhead.com/classic/quest=8779,
878,https://www.wowhead.com/classic/quest=878,
8780,https://www.wowhead.com/classic/quest=8780,
8781,https://www.wowhead.com/classic/quest=8781,
8782,https://www.wowhead.com/classic/quest=8782,
8783,https://www.wowhead.com/classic/quest=8783,
8785,https://www.wowhead.com/classic/quest=8785,
8786,https://www.wowhead.com/classic/quest=8786,
8787,https://www.wowhead.com/classic/quest=8787,
8789,https://www.wowhead.com/classic/quest=8789,
879,https://www.wowhead.com/classic/quest=879,
8790,https://www.wowhead.com/classic/quest=8790,
88,https://www.wowhead.com/classic/quest=88,
880,https://www.wowhead.com/classic/quest=880,
8804,https://www.wowhead.com/classic/quest=8804,
8805,https://www.wowhead.com/classic/quest=8805,
8806,https://www.wowhead.com/classic/quest=8806,
8807,https://www.wowhead.com/classic/quest=8807,
8808,https://www.wowhead.com/classic/quest=8808,
8809,https://www.wowhead.com/classic/quest=8809,
881,https://www.wowhead.com/classic/quest=881,
8810,https://www.wowhead.com/classic/quest=8810,
8811,https://www.wowhead.com/classic/quest=8811,
8812,https://www.wowhead.com/classic/quest=8812,
8813,https://www.wowhead.com/classic/quest=8813,
8814,https://www.wowhead.com/classic/quest=8814,
8815,https://www.wowhead.com/classic/quest=8815,
8816,https://www.wowhead.com/classic/quest=8816,
8817,https://www.wowhead.com/classic/quest=8817,
8818,https://www.wowhead.com/classic/quest=8818,
8819,https://www.wowhead.com/classic/quest=8819,
882,https://www.wowhead.com/classic/quest=882,
8820,https://www.wowhead.com/classic/quest=8820,
8821,https://www.wowhead.com/classic/quest=8821,
8822,https://www.wowhead.com/classic/quest=8822,
8823,https://www.wowhead.com/classic/quest=8823,
8824,https://www.wowhead.com/classic/quest=8824,
8825,https://www.wowhead.com/classic/quest=8825,
8826,https://www.wowhead.com/classic/quest=8826,
8829,https://www.wowhead.com/classic/quest=8829,
8832,https://www.wowhead.com/classic/quest=8832,
8833,https://www.wowhead.com/classic/quest=8833,
8834,https://www.wowhead.com/classic/quest=8834,
8835,https://www.wowhead.com/classic/quest=8835,
8836,https://www.wowhead.com/classic/quest=8836,
8837,https://www.wowhead.com/classic/quest=8837,
8838,https://www.wowhead.com/classic/quest=8838,
8839,https://www.wowhead.com/classic/quest=8839,
8840,https://www.wowhead.com/classic/quest=8840,
8841,https://www.wowhead.com/classic/quest=8841,
8842,https://www.wowhead.com/classic/quest=8842,
8843,https://www.wowhead.com/classic/quest=8843,
8844,https://www.wowhead.com/classic/quest=8844,
8845,https://www.wowhead.com/classic/quest=8845,
8846,https://www.wowhead.com/classic/quest=8846,
8847,https://www.wowhead.com/classic/quest=8847,
8848,https://www.wowhead.com/classic/quest=8848,
8849,https://www.wowhead.com/classic/quest=8849,
8850,https://www.wowhead.com/classic/quest=8850,
8851,https://www.wowhead.com/classic/quest=8851,
8852,https://www.wowhead.com/classic/quest=8852,
8853,https://www.wowhead.com/classic/quest=8853,
8854,https://www.wowhead.com/classic/quest=8854,
8855,https://www.wowhead.com/classic/quest=8855,
8867,https://www.wowhead.com/classic/quest=8867,
887,https://www.wowhead.com/classic/quest=887,
888,https://www.wowhead.com/classic/quest=888,
8884,https://www.wowhead.com/classic/quest=8884,
8885,https://www.wowhead.com/classic/quest=8885,
8886,https://www.wowhead.com/classic/quest=8886,
8889,https://www.wowhead.com/classic/quest=8889,
889,https://www.wowhead.com/classic/quest=889,
8892,https://www.wowhead.com/classic/quest=8892,
8893,https://www.wowhead.com/classic/quest=8893,
8894,https://www.wowhead.com/classic/quest=8894,
89,https://www.wowhead.com/classic/quest=89,
8905,https://www.wowhead.com/classic/quest=8905,
8906,https://www.wowhead.com/classic/quest=8906,
8907,https://www.wowhead.com/classic/quest=8907,
8908,https://www.wowhead.com/classic/quest=8908,
8909,https://www.wowhead.com/classic/quest=8909,
891,https://www.wowhead.com/classic/quest=891,
8910,https://www.wowhead.com/classic/quest=8910,
8911,https://www.wowhead.com/classic/quest=8911,
8912,https://www.wowhead.com/classic/quest=8912,
8913,https://www.wowhead.com/classic/quest=8913,
8914,https://www.wowhead.com/classic/quest=8914,
8915,https://www.wowhead.com/classic/quest=8915,
8916,https://www.wowhead.com/classic/quest=8916,
8917,https://www.wowhead.com/classic/quest=8917,
8918,https://www.wowhead.com/classic/quest=8918,
8919,https://www.wowhead.com/classic/quest=8919,
8920,https://www.wowhead.com/classic/quest=8920,
8921,https://www.wowhead.com/classic/quest=8921,
8924,https://www.wowhead.com/classic/quest=8924,
8925,https://www.wowhead.com/classic/quest=8925,
8926,https://www.wowhead.com/classic/quest=8926,
8927,https://www.wowhead.com/classic/quest=8927,
8928,https://www.wowhead.com/classic/quest=8928,
893,https://www.wowhead.com/classic/quest=893,
8931,https://www.wowhead.com/classic/quest=8931,
8932,https://www.wowhead.com/classic/quest=8932,
8933,https://www.wowhead.com/classic/quest=8933,
8934,https://www.wowhead.com/classic/quest=8934,
8935,https://www.wowhead.com/classic/quest=8935,
8936,https://www.wowhead.com/classic/quest=8936,
8937,https://www.wowhead.com/classic/quest=8937,
8938,https://www.wowhead.com/classic/quest=8938,
8939,https://www.wowhead.com/classic/quest=8939,
8940,https://www.wowhead.com/classic/quest=8940,
8941,https://www.wowhead.com/classic/quest=8941,
8942,https://www.wowhead.com/classic/quest=8942,
8943,https://www.wowhead.com/classic/quest=8943,
8944,https://www.wowhead.com/classic/quest=8944,
8945,https://www.wowhead.com/classic/quest=8945,
8947,https://www.wowhead.com/classic/quest=8947,
8949,https://www.wowhead.com/classic/quest=8949,
895,https://www.wowhead.com/classic/quest=895,
8950,https://www.wowhead.com/classic/quest=8950,
8951,https://www.wowhead.com/classic/quest=8951,
8952,https://www.wowhead.com/classic/quest=8952,
8953,https://www.wowhead.com/classic/quest=8953,
8954,https://www.wowhead.com/classic/quest=8954,
8955,https://www.wowhead.com/classic/quest=8955,
8956,https://www.wowhead.com/classic/quest=8956,
8957,https://www.wowhead.com/classic/quest=8957,
8958,https://www.wowhead.com/classic/quest=8958,
8959,https://www.wowhead.com/classic/quest=8959,
896,https://www.wowhead.com/classic/quest=896,
8961,https://www.wowhead.com/classic/quest=8961,
8962,https://www.wowhead.com/classic/quest=8962,
8963,https://www.wowhead.com/classic/quest=8963,
8964,https://www.wowhead.com/classic/quest=8964,
8965,https://www.wowhead.com/classic/quest=8965,
8966,https://www.wowhead.com/classic/quest=8966,
8967,https://www.wowhead.com/classic/quest=8967,
8968,https://www.wowhead.com/classic/quest=8968,
8969,https://www.wowhead.com/classic/quest=8969,
8970,https://www.wowhead.com/classic/quest=8970,
8985,https://www.wowhead.com/classic/quest=8985,
8986,https://www.wowhead.com/classic/quest=8986,
8987,https://www.wowhead.com/classic/quest=8987,
8988,https://www.wowhead.com/classic/quest=8988,
8989,https://www.wowhead.com/classic/quest=8989,
899,https://www.wowhead.com/classic/quest=899,
8990,https://www.wowhead.com/classic/quest=8990,
8991,https://www.wowhead.com/classic/quest=8991,
8992,https://www.wowhead.com/classic/quest=8992,
8994,https://www.wowhead.com/classic/quest=8994,
8995,https://www.wowhead.com/classic/quest=8995,
8996,https://www.wowhead.com/classic/quest=8996,
8999,https://www.wowhead.com/classic/quest=8999,
9,https://www.wowhead.com/classic/quest=9,
90,https://www.wowhead.com/classic/quest=90,
900,https://www.wowhead.com/classic/quest=900,
9000,https://www.wowhead.com/tbc/quest=9000,
9001,https://www.wowhead.com/tbc/quest=9001,
9002,https://www.wowhead.com/tbc/quest=9002,
9003,https://www.wowhead.com/tbc/quest=9003,
9004,https://www.wowhead.com/tbc/quest=9004,
9005,https://www.wowhead.com/tbc/quest=9005,
9006,https://www.wowhead.com/tbc/quest=9006,
9007,https://www.wowhead.com/tbc/quest=9007,
9008,https://www.wowhead.com/tbc/quest=9008,
9009,https://www.wowhead.com/tbc/quest=9009,
901,https://www.wowhead.com/classic/quest=901,
9010,https://www.wowhead.com/tbc/quest=9010,
9011,https://www.wowhead.com/tbc/quest=9011,
9012,https://www.wowhead.com/tbc/quest=9012,
9013,https://www.wowhead.com/tbc/quest=9013,
9014,https://www.wowhead.com/tbc/quest=9014,
9015,https://www.wowhead.com/tbc/quest=9015,
9016,https://www.wowhead.com/tbc/quest=9016,
9017,https://www.wowhead.com/tbc/quest=9017,
9018,https://www.wowhead.com/tbc/quest=9018,
9019,https://www.wowhead.com/tbc/quest=9019,
9020,https://www.wowhead.com/tbc/quest=9020,
9021,https://www.wowhead.com/tbc/quest=9021,
9022,https://www.wowhead.com/tbc/quest=9022,
9023,https://www.wowhead.com/tbc/quest=9023,
903,https://www.wowhead.com/classic/quest=903,
9033,https://www.wowhead.com/tbc/quest=9033,
9045,https://www.wowhead.com/tbc/quest=9045,
905,https://www.wowhead.com/classic/quest=905,
9052,https://www.wowhead.com/tbc/quest=9052,
9053,https://www.wowhead.com/tbc/quest=9053,
9062,https://www.wowhead.com/tbc/quest=9062,
9066,https://www.wowhead.com/tbc/quest=9066,
9067,https://www.wowhead.com/tbc/quest=9067,
907,https://www.wowhead.com/classic/quest=907,
9076,https://www.wowhead.com/tbc/quest=9076,
9085,https://www.wowhead.com/tbc/quest=9085,
91,https://www.wowhead.com/classic/quest=91,
9121,https://www.wowhead.com/tbc/quest=9121,
9122,https://www.wowhead.com/tbc/quest=9122,
9124,https://www.wowhead.com/tbc/quest=9124,
9125,https://www.wowhead.com/tbc/quest=9125,
9126,https://www.wowhead.com/tbc/quest=9126,
9127,https://www.wowhead.com/tbc/quest=9127,
9128,https://www.wowhead.com/tbc/quest=9128,
9129,https://www.wowhead.com/tbc/quest=9129,
913,https://www.wowhead.com/classic/quest=913,
9131,https://www.wowhead.com/tbc/quest=9131,
9132,https://www.wowhead.com/tbc/quest=9132,
9136,https://www.wowhead.com/tbc/quest=9136,
9137,https://www.wowhead.com/tbc/quest=9137,
9138,https://www.wowhead.com/tbc/quest=9138,
9139,https://www.wowhead.com/tbc/quest=9139,
914,https://www.wowhead.com/classic/quest=914,
9140,https://www.wowhead.com/tbc/quest=9140,
9141,https://www.wowhead.com/tbc/quest=9141,
9142,https://www.wowhead.com/tbc/quest=9142,
9143,https://www.wowhead.com/tbc/quest=9143,
9147,https://www.wowhead.com/tbc/quest=9147,
9149,https://www.wowhead.com/tbc/quest=9149,
9150,https://www.wowhead.com/tbc/quest=9150,
9152,https://www.wowhead.com/tbc/quest=9152,
9153,https://www.wowhead.com/tbc/quest=9153,
9155,https://www.wowhead.com/tbc/quest=9155,
9156,https://www.wowhead.com/tbc/quest=9156,
9157,https://www.wowhead.com/tbc/quest=9157,
9158,https://www.wowhead.com/tbc/quest=9158,
9159,https://www.wowhead.com/tbc/quest=9159,
916,https://www.wowhead.com/classic/quest=916,
9160,https://www.wowhead.com/tbc/quest=9160,
9163,https://www.wowhead.com/tbc/quest=9163,
9164,https://www.wowhead.com/tbc/quest=9164,
9165,https://www.wowhead.com/tbc/quest=9165,
9167,https://www.wowhead.com/tbc/quest=9167,
9169,https://www.wowhead.com/tbc/quest=9169,
917,https://www.wowhead.com/classic/quest=917,
9170,https://www.wowhead.com/tbc/quest=9170,
9171,https://www.wowhead.com/tbc/quest=9171,
9173,https://www.wowhead.com/tbc/quest=9173,
9174,https://www.wowhead.com/tbc/quest=9174,
9176,https://www.wowhead.com/tbc/quest=9176,
9178,https://www.wowhead.com/tbc/quest=9178,
9179,https://www.wowhead.com/tbc/quest=9179,
918,https://www.wowhead.com/classic/quest=918,
9181,https://www.wowhead.com/tbc/quest=9181,
9182,https://www.wowhead.com/tbc/quest=9182,
9183,https://www.wowhead.com/tbc/quest=9183,
9184,https://www.wowhead.com/tbc/quest=9184,
9185,https://www.wowhead.com/tbc/quest=9185,
9186,https://www.wowhead.com/tbc/quest=9186,
9187,https://www.wowhead.com/tbc/quest=9187,
9188,https://www.wowhead.com/tbc/quest=9188,
919,https://www.wowhead.com/classic/quest=919,
9190,https://www.wowhead.com/tbc/quest=9190,
9191,https://www.wowhead.com/tbc/quest=9191,
9192,https://www.wowhead.com/tbc/quest=9192,
9193,https://www.wowhead.com/tbc/quest=9193,
9194,https://www.wowhead.com/tbc/quest=9194,
9195,https://www.wowhead.com/tbc/quest=9195,
9196,https://www.wowhead.com/tbc/quest=9196,
9197,https://www.wowhead.com/tbc/quest=9197,
9198,https://www.wowhead.com/tbc/quest=9198,
9199,https://www.wowhead.com/tbc/quest=9199,
92,https://www.wowhead.com/classic/quest=92,
9200,https://www.wowhead.com/tbc/quest=9200,
9201,https://www.wowhead.com/tbc/quest=9201,
9202,https://www.wowhead.com/tbc/quest=9202,
9203,https://www.wowhead.com/tbc/quest=9203,
9204,https://www.wowhead.com/tbc/quest=9204,
9205,https://www.wowhead.com/tbc/quest=9205,
9206,https://www.wowhead.com/tbc/quest=9206,
9207,https://www.wowhead.com/tbc/quest=9207,
9208,https://www.wowhead.com/tbc/quest=9208,
9209,https://www.wowhead.com/tbc/quest=9209,
921,https://www.wowhead.com/classic/quest=921,
9210,https://www.wowhead.com/tbc/quest=9210,
9211,https://www.wowhead.com/tbc/quest=9211,
9213,https://www.wowhead.com/tbc/quest=9213,
9214,https://www.wowhead.com/tbc/quest=9214,
9215,https://www.wowhead.com/tbc/quest=9215,
9216,https://www.wowhead.com/tbc/quest=9216,
9217,https://www.wowhead.com/tbc/quest=9217,
9218,https://www.wowhead.com/tbc/quest=9218,
9219,https://www.wowhead.com/tbc/quest=9219,
9220,https://www.wowhead.com/tbc/quest=9220,
9221,https://www.wowhead.com/tbc/quest=9221,
9222,https://www.wowhead.com/tbc/quest=9222,
9223,https://www.wowhead.com/tbc/quest=9223,
9224,https://www.wowhead.com/tbc/quest=9224,
9225,https://www.wowhead.com/tbc/quest=9225,
9226,https://www.wowhead.com/tbc/quest=9226,
9227,https://www.wowhead.com/tbc/quest=9227,
9228,https://www.wowhead.com/tbc/quest=9228,
923,https://www.wowhead.com/classic/quest=923,
9234,https://www.wowhead.com/tbc/quest=9234,
9235,https://www.wowhead.com/tbc/quest=9235,
9236,https://www.wowhead.com/tbc/quest=9236,
9237,https://www.wowhead.com/tbc/quest=9237,
9238,https://www.wowhead.com/tbc/quest=9238,
9239,https://www.wowhead.com/tbc/quest=9239,
924,https://www.wowhead.com/classic/quest=924,
9240,https://www.wowhead.com/tbc/quest=9240,
9241,https://www.wowhead.com/tbc/quest=9241,
9242,https://www.wowhead.com/tbc/quest=9242,
9243,https://www.wowhead.com/tbc/quest=9243,
9244,https://www.wowhead.com/tbc/quest=9244,
9245,https://www.wowhead.com/tbc/quest=9245,
9246,https://www.wowhead.com/tbc/quest=9246,
9248,https://www.wowhead.com/tbc/quest=9248,
9249,https://www.wowhead.com/tbc/quest=9249,
9251,https://www.wowhead.com/tbc/quest=9251,
9252,https://www.wowhead.com/tbc/quest=9252,
9257,https://www.wowhead.com/tbc/quest=9257,
9259,https://www.wowhead.com/tbc/quest=9259,
9260,https://www.wowhead.com/tbc/quest=9260,
9265,https://www.wowhead.com/tbc/quest=9265,
9266,https://www.wowhead.com/tbc/quest=9266,
9267,https://www.wowhead.com/tbc/quest=9267,
9268,https://www.wowhead.com/tbc/quest=9268,
9269,https://www.wowhead.com/tbc/quest=9269,
9270,https://www.wowhead.com/tbc/quest=9270,
9271,https://www.wowhead.com/tbc/quest=9271,
9274,https://www.wowhead.com/tbc/quest=9274,
9275,https://www.wowhead.com/tbc/quest=9275,
9276,https://www.wowhead.com/tbc/quest=9276,
9277,https://www.wowhead.com/tbc/quest=9277,
9280,https://www.wowhead.com/tbc/quest=9280,
9281,https://www.wowhead.com/tbc/quest=9281,
9283,https://www.wowhead.com/tbc/quest=9283,
929,https://www.wowhead.com/classic/quest=929,
9293,https://www.wowhead.com/tbc/quest=9293,
9294,https://www.wowhead.com/tbc/quest=9294,
93,https://www.wowhead.com/classic/quest=93,
9303,https://www.wowhead.com/tbc/quest=9303,
9305,https://www.wowhead.com/tbc/quest=9305,
9311,https://www.wowhead.com/tbc/quest=9311,
9315,https://www.wowhead.com/tbc/quest=9315,
932,https://www.wowhead.com/classic/quest=932,
933,https://www.wowhead.com/classic/quest=933,
9338,https://www.wowhead.com/tbc/quest=9338,
9340,https://www.wowhead.com/tbc/quest=9340,
9345,https://www.wowhead.com/tbc/quest=9345,
9349,https://www.wowhead.com/tbc/quest=9349,
9351,https://www.wowhead.com/tbc/quest=9351,
9352,https://www.wowhead.com/tbc/quest=9352,
9355,https://www.wowhead.com/tbc/quest=9355,
9356,https://www.wowhead.com/tbc/quest=9356,
9361,https://www.wowhead.com/tbc/quest=9361,
9362,https://www.wowhead.com/tbc/quest=9362,
9364,https://www.wowhead.com/tbc/quest=9364,
9366,https://www.wowhead.com/tbc/quest=9366,
9369,https://www.wowhead.com/tbc/quest=9369,
937,https://www.wowhead.com/classic/quest=937,
9370,https://www.wowhead.com/tbc/quest=9370,
9372,https://www.wowhead.com/tbc/quest=9372,
9374,https://www.wowhead.com/tbc/quest=9374,
9376,https://www.wowhead.com/tbc/quest=9376,
9381,https://www.wowhead.com/tbc/quest=9381,
9383,https://www.wowhead.com/tbc/quest=9383,
9385,https://www.wowhead.com/tbc/quest=9385,
9387,https://www.wowhead.com/tbc/quest=9387,
939,https://www.wowhead.com/classic/quest=939,
9391,https://www.wowhead.com/tbc/quest=9391,
9396,https://www.wowhead.com/tbc/quest=9396,
9397,https://www.wowhead.com/tbc/quest=9397,
9398,https://www.wowhead.com/tbc/quest=9398,
9399,https://www.wowhead.com/tbc/quest=9399,
9400,https://www.wowhead.com/tbc/quest=9400,
9402,https://www.wowhead.com/tbc/quest=9402,
9403,https://www.wowhead.com/tbc/quest=9403,
9404,https://www.wowhead.com/tbc/quest=9404,
9410,https://www.wowhead.com/tbc/quest=9410,
9417,https://www.wowhead.com/tbc/quest=9417,
9419,https://www.wowhead.com/tbc/quest=9419,
9420,https://www.wowhead.com/tbc/quest=9420,
9422,https://www.wowhead.com/tbc/quest=9422,
9424,https://www.wowhead.com/tbc/quest=9424,
9426,https://www.wowhead.com/tbc/quest=9426,
9427,https://www.wowhead.com/tbc/quest=9427,
943,https://www.wowhead.com/classic/quest=943,
9430,https://www.wowhead.com/tbc/quest=9430,
9431,https://www.wowhead.com/tbc/quest=9431,
9433,https://www.wowhead.com/tbc/quest=9433,
9435,https://www.wowhead.com/tbc/quest=9435,
9436,https://www.wowhead.com/tbc/quest=9436,
9437,https://www.wowhead.com/tbc/quest=9437,
9439,https://www.wowhead.com/tbc/quest=9439,
944,https://www.wowhead.com/classic/quest=944,
9440,https://www.wowhead.com/tbc/quest=9440,
9442,https://www.wowhead.com/tbc/quest=9442,
9443,https://www.wowhead.com/tbc/quest=9443,
9444,https://www.wowhead.com/tbc/quest=9444,
9447,https://www.wowhead.com/tbc/quest=9447,
9448,https://www.wowhead.com/tbc/quest=9448,
9450,https://www.wowhead.com/tbc/quest=9450,
9452,https://www.wowhead.com/tbc/quest=9452,
9454,https://www.wowhead.com/tbc/quest=9454,
9456,https://www.wowhead.com/tbc/quest=9456,
9457,https://www.wowhead.com/tbc/quest=9457,
9460,https://www.wowhead.com/tbc/quest=9460,
9463,https://www.wowhead.com/tbc/quest=9463,
9465,https://www.wowhead.com/tbc/quest=9465,
9466,https://www.wowhead.com/tbc/quest=9466,
9467,https://www.wowhead.com/tbc/quest=9467,
947,https://www.wowhead.com/classic/quest=947,
9470,https://www.wowhead.com/tbc/quest=9470,
9471,https://www.wowhead.com/tbc/quest=9471,
9472,https://www.wowhead.com/tbc/quest=9472,
9473,https://www.wowhead.com/tbc/quest=9473,
9474,https://www.wowhead.com/tbc/quest=9474,
9475,https://www.wowhead.com/tbc/quest=9475,
9483,https://www.wowhead.com/tbc/quest=9483,
9487,https://www.wowhead.com/tbc/quest=9487,
9488,https://www.wowhead.com/tbc/quest=9488,
9489,https://www.wowhead.com/tbc/quest=9489,
9490,https://www.wowhead.com/tbc/quest=9490,
9491,https://www.wowhead.com/tbc/quest=9491,
9492,https://www.wowhead.com/tbc/quest=9492,
9493,https://www.wowhead.com/tbc/quest=9493,
9494,https://www.wowhead.com/tbc/quest=9494,
9495,https://www.wowhead.com/tbc/quest=9495,
9496,https://www.wowhead.com/tbc/quest=9496,
9503,https://www.wowhead.com/tbc/quest=9503,
9504,https://www.wowhead.com/tbc/quest=9504,
9506,https://www.wowhead.com/tbc/quest=9506,
9508,https://www.wowhead.com/tbc/quest=9508,
951,https://www.wowhead.com/classic/quest=951,
9512,https://www.wowhead.com/tbc/quest=9512,
9513,https://www.wowhead.com/tbc/quest=9513,
9515,https://www.wowhead.com/tbc/quest=9515,
9516,https://www.wowhead.com/tbc/quest=9516,
9517,https://www.wowhead.com/tbc/quest=9517,
9518,https://www.wowhead.com/tbc/quest=9518,
9519,https://www.wowhead.com/tbc/quest=9519,
9522,https://www.wowhead.com/tbc/quest=9522,
9523,https://www.wowhead.com/tbc/quest=9523,
9524,https://www.wowhead.com/tbc/quest=9524,
9525,https://www.wowhead.com/tbc/quest=9525,
9526,https://www.wowhead.com/tbc/quest=9526,
9527,https://www.wowhead.com/tbc/quest=9527,
953,https://www.wowhead.com/classic/quest=953,
9530,https://www.wowhead.com/tbc/quest=9530,
9531,https://www.wowhead.com/tbc/quest=9531,
9534,https://www.wowhead.com/tbc/quest=9534,
9536,https://www.wowhead.com/tbc/quest=9536,
9537,https://www.wowhead.com/tbc/quest=9537,
954,https://www.wowhead.com/classic/quest=954,
9544,https://www.wowhead.com/tbc/quest=9544,
9545,https://www.wowhead.com/tbc/quest=9545,
9548,https://www.wowhead.com/tbc/quest=9548,
9549,https://www.wowhead.com/tbc/quest=9549,
955,https://www.wowhead.com/classic/quest=955,
956,https://www.wowhead.com/classic/quest=956,
9560,https://www.wowhead.com/tbc/quest=9560,
9562,https://www.wowhead.com/tbc/quest=9562,
9563,https://www.wowhead.com/tbc/quest=9563,
9567,https://www.wowhead.com/tbc/quest=9567,
9569,https://www.wowhead.com/tbc/quest=9569,
957,https://www.wowhead.com/classic/quest=957,
9570,https://www.wowhead.com/tbc/quest=9570,
9572,https://www.wowhead.com/tbc/quest=9572,
9573,https://www.wowhead.com/tbc/quest=9573,
9574,https://www.wowhead.com/tbc/quest=9574,
9575,https://www.wowhead.com/tbc/quest=9575,
9579,https://www.wowhead.com/tbc/quest=9579,
958,https://www.wowhead.com/classic/quest=958,
9580,https://www.wowhead.com/tbc/quest=9580,
9581,https://www.wowhead.com/tbc/quest=9581,
9582,https://www.wowhead.com/tbc/quest=9582,
9584,https://www.wowhead.com/tbc/quest=9584,
9585,https://www.wowhead.com/tbc/quest=9585,
9586,https://www.wowhead.com/tbc/quest=9586,
9589,https://www.wowhead.com/tbc/quest=9589,
959,https://www.wowhead.com/classic/quest=959,
9590,https://www.wowhead.com/tbc/quest=9590,
9594,https://www.wowhead.com/tbc/quest=9594,
9595,https://www.wowhead.com/tbc/quest=9595,
9600,https://www.wowhead.com/tbc/quest=9600,
9607,https://www.wowhead.com/tbc/quest=9607,
9608,https://www.wowhead.com/tbc/quest=9608,
9610,https://www.wowhead.com/tbc/quest=9610,
9619,https://www.wowhead.com/tbc/quest=9619,
962,https://www.wowhead.com/classic/quest=962,
9624,https://www.wowhead.com/tbc/quest=9624,
9628,https://www.wowhead.com/tbc/quest=9628,
9629,https://www.wowhead.com/tbc/quest=9629,
963,https://www.wowhead.com/classic/quest=963,
9634,https://www.wowhead.com/tbc/quest=9634,
9635,https://www.wowhead.com/tbc/quest=9635,
9636,https://www.wowhead.com/tbc/quest=9636,
9637,https://www.wowhead.com/tbc/quest=9637,
964,https://www.wowhead.com/classic/quest=964,
9640,https://www.wowhead.com/tbc/quest=9640,
9641,https://www.wowhead.com/tbc/quest=9641,
9642,https://www.wowhead.com/tbc/quest=9642,
9643,https://www.wowhead.com/tbc/quest=9643,
9644,https://www.wowhead.com/tbc/quest=9644,
9645,https://www.wowhead.com/tbc/quest=9645,
9646,https://www.wowhead.com/tbc/quest=9646,
9647,https://www.wowhead.com/tbc/quest=9647,
9648,https://www.wowhead.com/tbc/quest=9648,
9649,https://www.wowhead.com/tbc/quest=9649,
966,https://www.wowhead.com/classic/quest=966,
9663,https://www.wowhead.com/tbc/quest=9663,
9664,https://www.wowhead.com/tbc/quest=9664,
9665,https://www.wowhead.com/tbc/quest=9665,
9666,https://www.wowhead.com/tbc/quest=9666,
9667,https://www.wowhead.com/tbc/quest=9667,
9669,https://www.wowhead.com/tbc/quest=9669,
9670,https://www.wowhead.com/tbc/quest=9670,
9674,https://www.wowhead.com/tbc/quest=9674,
9678,https://www.wowhead.com/tbc/quest=9678,
9680,https://www.wowhead.com/tbc/quest=9680,
9682,https://www.wowhead.com/tbc/quest=9682,
9683,https://www.wowhead.com/tbc/quest=9683,
9684,https://www.wowhead.com/tbc/quest=9684,
9685,https://www.wowhead.com/tbc/quest=9685,
9687,https://www.wowhead.com/tbc/quest=9687,
9688,https://www.wowhead.com/tbc/quest=9688,
9689,https://www.wowhead.com/tbc/quest=9689,
969,https://www.wowhead.com/classic/quest=969,
9692,https://www.wowhead.com/tbc/quest=9692,
9694,https://www.wowhead.com/tbc/quest=9694,
970,https://www.wowhead.com/classic/quest=970,
9700,https://www.wowhead.com/tbc/quest=9700,
9701,https://www.wowhead.com/tbc/quest=9701,
9702,https://www.wowhead.com/tbc/quest=9702,
9703,https://www.wowhead.com/tbc/quest=9703,
9708,https://www.wowhead.com/tbc/quest=9708,
9709,https://www.wowhead.com/tbc/quest=9709,
971,https://www.wowhead.com/classic/quest=971,
9714,https://www.wowhead.com/tbc/quest=9714,
9715,https://www.wowhead.com/tbc/quest=9715,
9716,https://www.wowhead.com/tbc/quest=9716,
9717,https://www.wowhead.com/tbc/quest=9717,
9718,https://www.wowhead.com/tbc/quest=9718,
9719,https://www.wowhead.com/tbc/quest=9719,
9720,https://www.wowhead.com/tbc/quest=9720,
9723,https://www.wowhead.com/tbc/quest=9723,
9725,https://www.wowhead.com/tbc/quest=9725,
9726,https://www.wowhead.com/tbc/quest=9726,
9727,https://www.wowhead.com/tbc/quest=9727,
9728,https://www.wowhead.com/tbc/quest=9728,
973,https://www.wowhead.com/classic/quest=973,
9730,https://www.wowhead.com/tbc/quest=9730,
9731,https://www.wowhead.com/tbc/quest=9731,
9735,https://www.wowhead.com/tbc/quest=9735,
9736,https://www.wowhead.com/tbc/quest=9736,
9737,https://www.wowhead.com/tbc/quest=9737,
9738,https://www.wowhead.com/tbc/quest=9738,
9739,https://www.wowhead.com/tbc/quest=9739,
974,https://www.wowhead.com/classic/quest=974,
9740,https://www.wowhead.com/tbc/quest=9740,
9741,https://www.wowhead.com/tbc/quest=9741,
9742,https://www.wowhead.com/tbc/quest=9742,
9743,https://www.wowhead.com/tbc/quest=9743,
9744,https://www.wowhead.com/tbc/quest=9744,
9746,https://www.wowhead.com/tbc/quest=9746,
9747,https://www.wowhead.com/tbc/quest=9747,
9748,https://www.wowhead.com/tbc/quest=9748,
9752,https://www.wowhead.com/tbc/quest=9752,
9756,https://www.wowhead.com/tbc/quest=9756,
9761,https://www.wowhead.com/tbc/quest=9761,
9763,https://www.wowhead.com/tbc/quest=9763,
9765,https://www.wowhead.com/tbc/quest=9765,
9766,https://www.wowhead.com/tbc/quest=9766,
9769,https://www.wowhead.com/tbc/quest=9769,
977,https://www.wowhead.com/classic/quest=977,
9770,https://www.wowhead.com/tbc/quest=9770,
9772,https://www.wowhead.com/tbc/quest=9772,
9773,https://www.wowhead.com/tbc/quest=9773,
9774,https://www.wowhead.com/tbc/quest=9774,
9777,https://www.wowhead.com/tbc/quest=9777,
9779,https://www.wowhead.com/tbc/quest=9779,
978,https://www.wowhead.com/classic/quest=978,
9780,https://www.wowhead.com/tbc/quest=9780,
9781,https://www.wowhead.com/tbc/quest=9781,
9782,https://www.wowhead.com/tbc/quest=9782,
9783,https://www.wowhead.com/tbc/quest=9783,
9784,https://www.wowhead.com/tbc/quest=9784,
9785,https://www.wowhead.com/tbc/quest=9785,
9786,https://www.wowhead.com/tbc/quest=9786,
9787,https://www.wowhead.com/tbc/quest=9787,
9788,https://www.wowhead.com/tbc/quest=9788,
9789,https://www.wowhead.com/tbc/quest=9789,
9790,https://www.wowhead.com/tbc/quest=9790,
9791,https://www.wowhead.com/tbc/quest=9791,
9799,https://www.wowhead.com/tbc/quest=9799,
98,https://www.wowhead.com/classic/quest=98,
9800,https://www.wowhead.com/tbc/quest=9800,
9801,https://www.wowhead.com/tbc/quest=9801,
9802,https://www.wowhead.com/tbc/quest=9802,
9803,https://www.wowhead.com/tbc/quest=9803,
9804,https://www.wowhead.com/tbc/quest=9804,
9805,https://www.wowhead.com/tbc/quest=9805,
9806,https://www.wowhead.com/tbc/quest=9806,
9807,https://www.wowhead.com/tbc/quest=9807,
9808,https://www.wowhead.com/tbc/quest=9808,
9809,https://www.wowhead.com/tbc/quest=9809,
9810,https://www.wowhead.com/tbc/quest=9810,
9814,https://www.wowhead.com/tbc/quest=9814,
9815,https://www.wowhead.com/tbc/quest=9815,
9816,https://www.wowhead.com/tbc/quest=9816,
9817,https://www.wowhead.com/tbc/quest=9817,
9819,https://www.wowhead.com/tbc/quest=9819,
982,https://www.wowhead.com/classic/quest=982,
9820,https://www.wowhead.com/tbc/quest=9820,
9821,https://www.wowhead.com/tbc/quest=9821,
9822,https://www.wowhead.com/tbc/quest=9822,
9823,https://www.wowhead.com/tbc/quest=9823,
9824,https://www.wowhead.com/tbc/quest=9824,
9825,https://www.wowhead.com/tbc/quest=9825,
983,https://www.wowhead.com/classic/quest=983,
9830,https://www.wowhead.com/tbc/quest=9830,
9831,https://www.wowhead.com/tbc/quest=9831,
9832,https://www.wowhead.com/tbc/quest=9832,
9833,https://www.wowhead.com/tbc/quest=9833,
9834,https://www.wowhead.com/tbc/quest=9834,
9835,https://www.wowhead.com/tbc/quest=9835,
9839,https://www.wowhead.com/tbc/quest=9839,
984,https://www.wowhead.com/classic/quest=984,
9841,https://www.wowhead.com/tbc/quest=9841,
9842,https://www.wowhead.com/tbc/quest=9842,
9843,https://www.wowhead.com/tbc/quest=9843,
9844,https://www.wowhead.com/tbc/quest=9844,
9845,https://www.wowhead.com/tbc/quest=9845,
9846,https://www.wowhead.com/tbc/quest=9846,
9847,https://www.wowhead.com/tbc/quest=9847,
9848,https://www.wowhead.com/tbc/quest=9848,
9849,https://www.wowhead.com/tbc/quest=9849,
985,https://www.wowhead.com/classic/quest=985,
9850,https://www.wowhead.com/tbc/quest=9850,
9851,https://www.wowhead.com/tbc/quest=9851,
9852,https://www.wowhead.com/tbc/quest=9852,
9853,https://www.wowhead.com/tbc/quest=9853,
9854,https://www.wowhead.com/tbc/quest=9854,
9855,https://www.wowhead.com/tbc/quest=9855,
9856,https://www.wowhead.com/tbc/quest=9856,
9857,https://www.wowhead.com/tbc/quest=9857,
9858,https://www.wowhead.com/tbc/quest=9858,
9859,https://www.wowhead.com/tbc/quest=9859,
986,https://www.wowhead.com/classic/quest=986,
9862,https://www.wowhead.com/tbc/quest=9862,
9863,https://www.wowhead.com/tbc/quest=9863,
9865,https://www.wowhead.com/tbc/quest=9865,
9867,https://www.wowhead.com/tbc/quest=9867,
9873,https://www.wowhead.com/tbc/quest=9873,
9874,https://www.wowhead.com/tbc/quest=9874,
9878,https://www.wowhead.com/tbc/quest=9878,
9882,https://www.wowhead.com/tbc/quest=9882,
9883,https://www.wowhead.com/tbc/quest=9883,
9889,https://www.wowhead.com/tbc/quest=9889,
9892,https://www.wowhead.com/tbc/quest=9892,
9893,https://www.wowhead.com/tbc/quest=9893,
9894,https://www.wowhead.com/tbc/quest=9894,
9895,https://www.wowhead.com/tbc/quest=9895,
9896,https://www.wowhead.com/tbc/quest=9896,
9898,https://www.wowhead.com/tbc/quest=9898,
9899,https://www.wowhead.com/tbc/quest=9899,
99,https://www.wowhead.com/classic/quest=99,
9900,https://www.wowhead.com/tbc/quest=9900,
9901,https://www.wowhead.com/tbc/quest=9901,
9902,https://www.wowhead.com/tbc/quest=9902,
9903,https://www.wowhead.com/tbc/quest=9903,
9904,https://www.wowhead.com/tbc/quest=9904,
9905,https://www.wowhead.com/tbc/quest=9905,
9906,https://www.wowhead.com/tbc/quest=9906,
9907,https://www.wowhead.com/tbc/quest=9907,
9910,https://www.wowhead.com/tbc/quest=9910,
9914,https://www.wowhead.com/tbc/quest=9914,
9915,https://www.wowhead.com/tbc/quest=9915,
9916,https://www.wowhead.com/tbc/quest=9916,
9917,https://www.wowhead.com/tbc/quest=9917,
9918,https://www.wowhead.com/tbc/quest=9918,
992,https://www.wowhead.com/classic/quest=992,
9921,https://www.wowhead.com/tbc/quest=9921,
9922,https://www.wowhead.com/tbc/quest=9922,
9923,https://www.wowhead.com/tbc/quest=9923,
9924,https://www.wowhead.com/tbc/quest=9924,
9925,https://www.wowhead.com/tbc/quest=9925,
9927,https://www.wowhead.com/tbc/quest=9927,
9928,https://www.wowhead.com/tbc/quest=9928,
9931,https://www.wowhead.com/tbc/quest=9931,
9932,https://www.wowhead.com/tbc/quest=9932,
9935,https://www.wowhead.com/tbc/quest=9935,
9936,https://www.wowhead.com/tbc/quest=9936,
9937,https://www.wowhead.com/tbc/quest=9937,
9938,https://www.wowhead.com/tbc/quest=9938,
9939,https://www.wowhead.com/tbc/quest=9939,
9940,https://www.wowhead.com/tbc/quest=9940,
9945,https://www.wowhead.com/tbc/quest=9945,
9946,https://www.wowhead.com/tbc/quest=9946,
9948,https://www.wowhead.com/tbc/quest=9948,
9951,https://www.wowhead.com/tbc/quest=9951,
9955,https://www.wowhead.com/tbc/quest=9955,
9956,https://www.wowhead.com/tbc/quest=9956,
996,https://www.wowhead.com/classic/quest=996,
9968,https://www.wowhead.com/tbc/quest=9968,
9971,https://www.wowhead.com/tbc/quest=9971,
998,https://www.wowhead.com/classic/quest=998,
9986,https://www.wowhead.com/tbc/quest=9986,
9987,https://www.wowhead.com/tbc/quest=9987,
9990,https://www.wowhead.com/tbc/quest=9990,
9992,https://www.wowhead.com/tbc/quest=9992,
9993,https://www.wowhead.com/tbc/quest=9993,
9996,https://www.wowhead.com/tbc/quest=9996,
9997,https://www.wowhead.com/tbc/quest=9997,
9998,https://www.wowhead.com/tbc/quest=9998,
9999,https://www.wowhead.com/tbc/quest=9999,
